Variable Name,Variable Label,Answer Label,Answer Code,Variable Type,Notes,Clinical facilities,CPs,Labs,PPMVs
fac_id,fac_id,Open ended,,Numeric,Applies to Clinical facilities Labs PPMVs CPs,TRUE,TRUE,TRUE,TRUE
month,month,Open ended,,Numeric,Applies to Clinical facilities Labs PPMVs CPs,TRUE,TRUE,TRUE,TRUE
year,year,Open ended,,Numeric,Applies to Clinical facilities Labs PPMVs CPs,TRUE,TRUE,TRUE,TRUE
monthyear,monthyear,Open ended,,Numeric,Applies to Clinical facilities Labs PPMVs CPs,TRUE,TRUE,TRUE,TRUE
state,state,Open ended,,String,Applies to Clinical facilities Labs PPMVs CPs,TRUE,TRUE,TRUE,TRUE
lga,lga,Open ended,,String,Applies to Clinical facilities Labs PPMVs CPs,TRUE,TRUE,TRUE,TRUE
fac_name,Name of health facility,Open ended,,String,Applies to Clinical facilities Labs PPMVs CPs,TRUE,TRUE,TRUE,TRUE
fac_type,Type of health facility (4 kinds),Open ended,,String,Applies to Clinical facilities Labs PPMVs CPs,TRUE,TRUE,TRUE,TRUE
fac_type_sub,Type of Facility,Open ended,,String,Applies to Clinical facilities ,TRUE,FALSE,FALSE,FALSE
q_recd_cat1kit,CAT 1 Kit Quantity Received,Open ended,,Numeric,Applies to Clinical facilities ,TRUE,FALSE,FALSE,FALSE
phys_inv_cat1kit,CAT 1 Kit Physical Inventory,Open ended,,Numeric,Applies to Clinical facilities ,TRUE,FALSE,FALSE,FALSE
q_recd_inh,INH Tabs Quantity Received,Open ended,,Numeric,Applies to Clinical facilities ,TRUE,FALSE,FALSE,FALSE
phys_inv_inh,INH Tabs Physical Inventory,Open ended,,Numeric,Applies to Clinical facilities ,TRUE,FALSE,FALSE,FALSE
q_recd_rhz_paed,RHZ (Paed) Pack Quantity Received,Open ended,,Numeric,Applies to Clinical facilities ,TRUE,FALSE,FALSE,FALSE
phys_inv_rhz_paed,RHZ (Paed)Pack Physical Inventory,Open ended,,Numeric,Applies to Clinical facilities ,TRUE,FALSE,FALSE,FALSE
q_recd_rh_paed,RH (Paed) Pack Quantity Received,Open ended,,Numeric,Applies to Clinical facilities ,TRUE,FALSE,FALSE,FALSE
phys_inv_rh_paed,RH (Paed) Pack Physical Inventory,Open ended,,Numeric,Applies to Clinical facilities ,TRUE,FALSE,FALSE,FALSE
q_recd_eth_paed,Ethambutol (Paed) Tabs Quantity Received,Open ended,,Numeric,Applies to Clinical facilities ,TRUE,FALSE,FALSE,FALSE
phys_inv_eth_paed,Ethambutol (Paed) Tabs Physical Inventory,Open ended,,Numeric,Applies to Clinical facilities ,TRUE,FALSE,FALSE,FALSE
q_recd_minikits,Lab Mini Kits Quantity Received,Open ended,,Numeric,Applies to Clinical facilities Labs ,TRUE,FALSE,TRUE,FALSE
phys_inv_minikits,Lab Mini Kits Physical Inventory,Open ended,,Numeric,Applies to Clinical facilities ,TRUE,FALSE,FALSE,FALSE
lab_walkins,Number of Lab Walk in Clients,Open ended,,Numeric,Applies to Labs ,FALSE,FALSE,TRUE,FALSE
ss_sent_xpert,Number of Sputum Samples sent for Gene Xpert Testing,Open ended,,Numeric,Applies to Labs ,FALSE,FALSE,TRUE,FALSE
attendance_m0_14,OPD Attendance M 0-14,Open ended,,Numeric,Applies to Clinical facilities Labs PPMVs CPs,TRUE,TRUE,TRUE,TRUE
attendance_f0_14,OPD Attendance F 0-14,Open ended,,Numeric,Applies to Clinical facilities Labs PPMVs CPs,TRUE,TRUE,TRUE,TRUE
attendance_m15_plus,OPD Attendance M 15+,Open ended,,Numeric,Applies to Clinical facilities Labs PPMVs CPs,TRUE,TRUE,TRUE,TRUE
attendance_f15_plus,OPD Attendance F 15+,Open ended,,Numeric,Applies to Clinical facilities Labs PPMVs CPs,TRUE,TRUE,TRUE,TRUE
attendance_total, 1. Total OPD Attendance,Open ended,,Numeric,Applies to Clinical facilities Labs PPMVs CPs,TRUE,TRUE,TRUE,TRUE
screened_m0_14,Number Screened M 0-14,Open ended,,Numeric,Applies to Clinical facilities Labs PPMVs CPs,TRUE,TRUE,TRUE,TRUE
screened_f0_14,Number Screened F 0-14,Open ended,,Numeric,Applies to Clinical facilities Labs PPMVs CPs,TRUE,TRUE,TRUE,TRUE
screened_m15_plus,Number Screened M 15+,Open ended,,Numeric,Applies to Clinical facilities Labs PPMVs CPs,TRUE,TRUE,TRUE,TRUE
screened_f15_plus,Number Screened F 15+,Open ended,,Numeric,Applies to Clinical facilities Labs PPMVs CPs,TRUE,TRUE,TRUE,TRUE
screened_total,2. Total Number Screened,Open ended,,Numeric,Applies to Clinical facilities Labs PPMVs CPs,TRUE,TRUE,TRUE,TRUE
presumptives_m0_14,Presumptive Cases M 0-14,Open ended,,Numeric,Applies to PPMVs CPs,FALSE,TRUE,FALSE,TRUE
presumptives_f0_14,Presumptive Cases F 0-14,Open ended,,Numeric,Applies to PPMVs CPs,FALSE,TRUE,FALSE,TRUE
presumptives_m15_plus,Presumptive Cases M 15+,Open ended,,Numeric,Applies to PPMVs CPs,FALSE,TRUE,FALSE,TRUE
presumptives_f15_plus,Presumptive Cases F 15+,Open ended,,Numeric,Applies to PPMVs CPs,FALSE,TRUE,FALSE,TRUE
presumptives_m,Presumptive Cases M,Open ended,,Numeric,Applies to PPMVs CPs,FALSE,TRUE,FALSE,TRUE
presumptives_f,Presumptive Cases F,Open ended,,Numeric,Applies to PPMVs CPs,FALSE,TRUE,FALSE,TRUE
presumptives_total,3. Grand Total of Presumptive,Open ended,,Numeric,Applies to Clinical facilities Labs PPMVs CPs,TRUE,TRUE,TRUE,TRUE
presumptives_ds_m0_14,Presumptive DS-TB M 0-14,Open ended,,Numeric,Applies to Clinical facilities Labs ,TRUE,FALSE,TRUE,FALSE
presumptives_ds_f0_14,Presumptive DS-TB F 0-14,Open ended,,Numeric,Applies to Clinical facilities Labs ,TRUE,FALSE,TRUE,FALSE
presumptives_ds_m15_plus,Presumptive DS-TB M 15+,Open ended,,Numeric,Applies to Clinical facilities Labs ,TRUE,FALSE,TRUE,FALSE
presumptives_ds_f15_plus,Presumptive DS-TB F 15+,Open ended,,Numeric,Applies to Clinical facilities Labs ,TRUE,FALSE,TRUE,FALSE
presumptives_ds_m,Presumptive DS-TB M,Open ended,,Numeric,Applies to Clinical facilities Labs ,TRUE,FALSE,TRUE,FALSE
presumptives_ds_f,Presumptive DS-TB F,Open ended,,Numeric,Applies to Clinical facilities Labs ,TRUE,FALSE,TRUE,FALSE
presumptives_ds_total,Total Presumptive DS-TB,Open ended,,Numeric,Applies to Clinical facilities Labs ,TRUE,FALSE,TRUE,FALSE
presumptives_dr_m0_14,Presumptive DR-TB M 0-14,Open ended,,Numeric,Applies to Clinical facilities Labs ,TRUE,FALSE,TRUE,FALSE
presumptives_dr_f0_14,Presumptive DR-TB F 0-14,Open ended,,Numeric,Applies to Clinical facilities Labs ,TRUE,FALSE,TRUE,FALSE
presumptives_dr_m15_plus,Presumptive DR-TB M 15+,Open ended,,Numeric,Applies to Clinical facilities Labs ,TRUE,FALSE,TRUE,FALSE
presumptives_dr_f15_plus,Presumptive DR-TB F 15+,Open ended,,Numeric,Applies to Clinical facilities Labs ,TRUE,FALSE,TRUE,FALSE
presumptives_dr_m,Presumptive DR-TB M,Open ended,,Numeric,Applies to Clinical facilities Labs ,TRUE,FALSE,TRUE,FALSE
presumptives_dr_f,Presumptive DR-TB F,Open ended,,Numeric,Applies to Clinical facilities Labs ,TRUE,FALSE,TRUE,FALSE
presumptives_dr_total,Total  Presumptive DR-TB,Open ended,,Numeric,Applies to Clinical facilities Labs ,TRUE,FALSE,TRUE,FALSE
presumptives_hivpos_m0_14,HIV Positive Presumptive M 0-14,Open ended,,Numeric,Applies to Clinical facilities Labs ,TRUE,FALSE,TRUE,FALSE
presumptives_hivpos_f0_14,HIV Positive Presumptive F 0-14,Open ended,,Numeric,Applies to Clinical facilities Labs ,TRUE,FALSE,TRUE,FALSE
presumptives_hivpos_m15_plus,HIV Positive Presumptive M 15+,Open ended,,Numeric,Applies to Clinical facilities Labs ,TRUE,FALSE,TRUE,FALSE
presumptives_hivpos_f15_plus,HIV Positive Presumptive F 15+,Open ended,,Numeric,Applies to Clinical facilities Labs ,TRUE,FALSE,TRUE,FALSE
presumptives_hivpos_m,HIV Positive Presumptive M,Open ended,,Numeric,Applies to Clinical facilities Labs ,TRUE,FALSE,TRUE,FALSE
presumptives_hivpos_f,HIV Positive Presumptive F,Open ended,,Numeric,Applies to Clinical facilities Labs ,TRUE,FALSE,TRUE,FALSE
presumptives_hivpos_total,Total HIV Positive Presumptive,Open ended,,Numeric,Applies to Clinical facilities Labs ,TRUE,FALSE,TRUE,FALSE
presumptives_hivneg_m0_14,HIV Negative Presumptive M 0-14,Open ended,,Numeric,Applies to Clinical facilities Labs ,TRUE,FALSE,TRUE,FALSE
presumptives_hivneg_f0_14,HIV Negative Presumptive F 0-14,Open ended,,Numeric,Applies to Clinical facilities Labs ,TRUE,FALSE,TRUE,FALSE
presumptives_hivneg_m15_plus,HIV Negative Presumptive M 15+,Open ended,,Numeric,Applies to Clinical facilities Labs ,TRUE,FALSE,TRUE,FALSE
presumptives_hivneg_f15_plus,HIV Negative Presumptive F 15+,Open ended,,Numeric,Applies to Clinical facilities Labs ,TRUE,FALSE,TRUE,FALSE
presumptives_hivneg_m,HIV Negative Presumptive M,Open ended,,Numeric,Applies to Clinical facilities Labs ,TRUE,FALSE,TRUE,FALSE
presumptives_hivneg_f,HIV Negative Presumptive F,Open ended,,Numeric,Applies to Clinical facilities Labs ,TRUE,FALSE,TRUE,FALSE
presumptives_hivneg_total,Total HIV Negative Presumptive,Open ended,,Numeric,Applies to Clinical facilities Labs ,TRUE,FALSE,TRUE,FALSE
presumptives_hivdk_m0_14,HIV Unknown Presumptive M 0-14,Open ended,,Numeric,Applies to Clinical facilities Labs ,TRUE,FALSE,TRUE,FALSE
presumptives_hivdk_f0_14,HIV Unknown Presumptive F 0-14,Open ended,,Numeric,Applies to Clinical facilities Labs ,TRUE,FALSE,TRUE,FALSE
presumptives_hivdk_m15_plus,HIV Unknown Presumptive M 15+,Open ended,,Numeric,Applies to Clinical facilities Labs ,TRUE,FALSE,TRUE,FALSE
presumptives_hivdk_f15_plus,HIV Unknown Presumptive F 15+,Open ended,,Numeric,Applies to Clinical facilities Labs ,TRUE,FALSE,TRUE,FALSE
presumptives_hivdk_m,HIV Unknown Presumptive M,Open ended,,Numeric,Applies to Clinical facilities Labs ,TRUE,FALSE,TRUE,FALSE
presumptives_hivdk_f,HIV Unknown Presumptive F,Open ended,,Numeric,Applies to Clinical facilities Labs ,TRUE,FALSE,TRUE,FALSE
presumptives_hivdk_total,Total HIV Unknown Presumptive,Open ended,,Numeric,Applies to Clinical facilities Labs ,TRUE,FALSE,TRUE,FALSE
presumptives_hivtested_total,4. Grand Total of Presumptive Tested for HIV ,Open ended,,Numeric,Applies to Clinical facilities Labs ,TRUE,FALSE,TRUE,FALSE
hivpos_refforcare_m0_14,HIV+ referred for Care M 0-14,Open ended,,Numeric,Applies to Clinical facilities ,TRUE,FALSE,FALSE,FALSE
hivpos_refforcare_f0_14,HIV+ referred for Care F 0-14,Open ended,,Numeric,Applies to Clinical facilities ,TRUE,FALSE,FALSE,FALSE
hivpos_refforcare_m15_plus,HIV+ referred for Care M 15+,Open ended,,Numeric,Applies to Clinical facilities ,TRUE,FALSE,FALSE,FALSE
hivpos_refforcare_f15_plus,HIV+ referred for Care F 15+,Open ended,,Numeric,Applies to Clinical facilities ,TRUE,FALSE,FALSE,FALSE
hivpos_refforcare_total,4b. Total of HIV + Referred for Care,Open ended,,Numeric,Applies to Clinical facilities ,TRUE,FALSE,FALSE,FALSE
examined_xpert_m0_14,Examined for diagnosis (Xpert) M 0-14,Open ended,,Numeric,Applies to Clinical facilities Labs PPMVs CPs,TRUE,TRUE,TRUE,TRUE
examined_xpert_f0_14,Examined for diagnosis (Xpert) F 0-14,Open ended,,Numeric,Applies to Clinical facilities Labs PPMVs CPs,TRUE,TRUE,TRUE,TRUE
examined_xpert_m15_plus,Examined for diagnosis (Xpert) M 15+,Open ended,,Numeric,Applies to Clinical facilities Labs PPMVs CPs,TRUE,TRUE,TRUE,TRUE
examined_xpert_f15_plus,Examined for diagnosis (Xpert) F 15+,Open ended,,Numeric,Applies to Clinical facilities Labs PPMVs CPs,TRUE,TRUE,TRUE,TRUE
examined_xpert_m,Examined for diagnosis (Xpert) M,Open ended,,Numeric,Applies to Clinical facilities Labs PPMVs CPs,TRUE,TRUE,TRUE,TRUE
examined_xpert_f,Examined for diagnosis (Xpert) F,Open ended,,Numeric,Applies to Clinical facilities Labs PPMVs CPs,TRUE,TRUE,TRUE,TRUE
examined_xpert_total,Total Gene Xpert Examined ,Open ended,,Numeric,Applies to Clinical facilities Labs PPMVs CPs,TRUE,TRUE,TRUE,TRUE
examined_afb_m0_14,Examined for diagnosis (AFB) M 0-14,Open ended,,Numeric,Applies to Clinical facilities Labs PPMVs CPs,TRUE,TRUE,TRUE,TRUE
examined_afb_f0_14,Examined for diagnosis (AFB) F 0-14,Open ended,,Numeric,Applies to Clinical facilities Labs PPMVs CPs,TRUE,TRUE,TRUE,TRUE
examined_afb_m15_plus,Examined for diagnosis (AFB) M 15+,Open ended,,Numeric,Applies to Clinical facilities Labs PPMVs CPs,TRUE,TRUE,TRUE,TRUE
examined_afb_f15_plus,Examined for diagnosis (AFB) F 15+,Open ended,,Numeric,Applies to Clinical facilities Labs PPMVs CPs,TRUE,TRUE,TRUE,TRUE
examined_afb_m,Examined for diagnosis (AFB) M,Open ended,,Numeric,Applies to Clinical facilities Labs PPMVs CPs,TRUE,TRUE,TRUE,TRUE
examined_afb_f,Examined for diagnosis (AFB) F,Open ended,,Numeric,Applies to Clinical facilities Labs PPMVs CPs,TRUE,TRUE,TRUE,TRUE
examined_afb_total,Total Examined for diagnosis (AFB),Open ended,,Numeric,Applies to Clinical facilities Labs PPMVs CPs,TRUE,TRUE,TRUE,TRUE
examined_other_m0_14,Examined for diagnosis (Others) M 0-14,Open ended,,Numeric,Applies to Clinical facilities Labs PPMVs CPs,TRUE,TRUE,TRUE,TRUE
examined_other_f0_14,Examined for diagnosis (Others) F 0-14,Open ended,,Numeric,Applies to Clinical facilities Labs PPMVs CPs,TRUE,TRUE,TRUE,TRUE
examined_other_m15_plus,Examined for diagnosis (Others) M 15+,Open ended,,Numeric,Applies to Clinical facilities Labs PPMVs CPs,TRUE,TRUE,TRUE,TRUE
examined_other_f15_plus,Examined for diagnosis (Others) F 15+,Open ended,,Numeric,Applies to Clinical facilities Labs PPMVs CPs,TRUE,TRUE,TRUE,TRUE
examined_other_m,Examined for diagnosis (Others) M,Open ended,,Numeric,Applies to Clinical facilities Labs PPMVs CPs,TRUE,TRUE,TRUE,TRUE
examined_other_f,Examined for diagnosis (Others) F,Open ended,,Numeric,Applies to Clinical facilities Labs PPMVs CPs,TRUE,TRUE,TRUE,TRUE
examined_other_total,Total Examined for diagnosis (Others),Open ended,,Numeric,Applies to Clinical facilities Labs PPMVs CPs,TRUE,TRUE,TRUE,TRUE
examined_total,5. Grand Total of Presumptive Examined for Diagnosis,Open ended,,Numeric,Applies to Clinical facilities Labs PPMVs CPs,TRUE,TRUE,TRUE,TRUE
presumptives_sbccminor_m0_14,Presumptives from SBCC Minor M 0-14,Open ended,,Numeric,Applies to Clinical facilities Labs PPMVs CPs,TRUE,TRUE,TRUE,TRUE
presumptives_sbccminor_f0_14,Presumptives from SBCC Minor F 0-14,Open ended,,Numeric,Applies to Clinical facilities Labs PPMVs CPs,TRUE,TRUE,TRUE,TRUE
presumptives_sbccminor_m15_plus,Presumptives from SBCC Minor M 15+,Open ended,,Numeric,Applies to Clinical facilities Labs PPMVs CPs,TRUE,TRUE,TRUE,TRUE
presumptives_sbccminor_f15_plus,Presumptives from SBCC Minor F 15+,Open ended,,Numeric,Applies to Clinical facilities Labs PPMVs CPs,TRUE,TRUE,TRUE,TRUE
presumptives_sbccminor_total,Total Presumptives from SBCC Minor,Open ended,,Numeric,Applies to Clinical facilities Labs PPMVs CPs,TRUE,TRUE,TRUE,TRUE
presumptives_sbccmajor_m0_14,Presumptives from SBCC Major M 0-14,Open ended,,Numeric,Applies to Clinical facilities Labs PPMVs CPs,TRUE,TRUE,TRUE,TRUE
presumptives_sbccmajor_f0_14,Presumptives from SBCC Major F 0-14,Open ended,,Numeric,Applies to Clinical facilities Labs PPMVs CPs,TRUE,TRUE,TRUE,TRUE
presumptives_sbccmajor_m15_plus,Presumptives from SBCC Major M 15+,Open ended,,Numeric,Applies to Clinical facilities Labs PPMVs CPs,TRUE,TRUE,TRUE,TRUE
presumptives_sbccmajor_f15_plus,Presumptives from SBCC Major F 15+,Open ended,,Numeric,Applies to Clinical facilities Labs PPMVs CPs,TRUE,TRUE,TRUE,TRUE
presumptives_sbccmajor_total,Total Presumptives from SBCC Major,Open ended,,Numeric,Applies to Clinical facilities Labs PPMVs CPs,TRUE,TRUE,TRUE,TRUE
presumptives_sbcc_total,6a. Grand Total of Presumptives from SBCC,Open ended,,Numeric,Applies to Clinical facilities Labs PPMVs CPs,TRUE,TRUE,TRUE,TRUE
presumptives_ppmv_m0_14,Presumptive from PPMVs M 0-14,Open ended,,Numeric,Applies to Clinical facilities ,TRUE,FALSE,FALSE,FALSE
presumptives_ppmv_f0_14,Presumptives from PPMVs F 0-14,Open ended,,Numeric,Applies to Clinical facilities ,TRUE,FALSE,FALSE,FALSE
presumptives_ppmv_m15_plus,Presumptive from PPMVs M 15+,Open ended,,Numeric,Applies to Clinical facilities ,TRUE,FALSE,FALSE,FALSE
presumptives_ppmv_f15_plus,Presumptive from PPMVs F 15+,Open ended,,Numeric,Applies to Clinical facilities ,TRUE,FALSE,FALSE,FALSE
presumptives_ppmv_total,Total of Presumptives from PPMVs ,Open ended,,Numeric,Applies to Clinical facilities ,TRUE,FALSE,FALSE,FALSE
presumptives_cb_m0_14,Presumptive from CPs M 0-14,Open ended,,Numeric,Applies to Clinical facilities ,TRUE,FALSE,FALSE,FALSE
presumptives_cb_f0_14,Presumptives from CPs F 0-14,Open ended,,Numeric,Applies to Clinical facilities ,TRUE,FALSE,FALSE,FALSE
presumptives_cb_m15_plus,Presumptive from CPs M 15+,Open ended,,Numeric,Applies to Clinical facilities ,TRUE,FALSE,FALSE,FALSE
presumptives_cb_f15_plus,Presumptive from CPs F 15+,Open ended,,Numeric,Applies to Clinical facilities ,TRUE,FALSE,FALSE,FALSE
presumptives_cb_total,Total of Presumptives from CPs,Open ended,,Numeric,Applies to Clinical facilities ,TRUE,FALSE,FALSE,FALSE
presumptives_spokes_total,Grand Total of Presumptive from Spokes,Open ended,,Numeric,Applies to Clinical facilities ,TRUE,FALSE,FALSE,FALSE
diagnosed_xpert_m0_14,Diagnosed TB Cases (Xpert) M 0-14,Open ended,,Numeric,Applies to Clinical facilities Labs PPMVs CPs,TRUE,TRUE,TRUE,TRUE
diagnosed_xpert_f0_14,Diagnosed TB Cases  (Xpert) F 0-14,Open ended,,Numeric,Applies to Clinical facilities Labs PPMVs CPs,TRUE,TRUE,TRUE,TRUE
diagnosed_xpert_m15_plus,Diagnosed TB Cases  (Xpert) M 15+,Open ended,,Numeric,Applies to Clinical facilities Labs PPMVs CPs,TRUE,TRUE,TRUE,TRUE
diagnosed_xpert_f15_plus,Diagnosed TB Cases  (Xpert) F 15+,Open ended,,Numeric,Applies to Clinical facilities Labs PPMVs CPs,TRUE,TRUE,TRUE,TRUE
diagnosed_xpert_m,Diagnosed TB Cases  (Xpert) M,Open ended,,Numeric,Applies to Clinical facilities Labs PPMVs CPs,TRUE,TRUE,TRUE,TRUE
diagnosed_xpert_f,Diagnosed TB Cases  (Xpert) F,Open ended,,Numeric,Applies to Clinical facilities Labs PPMVs CPs,TRUE,TRUE,TRUE,TRUE
diagnosed_xpert_total,Total TB Cases Diagnosed (Xpert),Open ended,,Numeric,Applies to Clinical facilities Labs PPMVs CPs,TRUE,TRUE,TRUE,TRUE
diagnosed_afb_m0_14,Diagnosed TB Cases (AFB) M 0-14,Open ended,,Numeric,Applies to Clinical facilities Labs PPMVs CPs,TRUE,TRUE,TRUE,TRUE
diagnosed_afb_f0_14,Diagnosed TB Cases (AFB) F 0-14,Open ended,,Numeric,Applies to Clinical facilities Labs PPMVs CPs,TRUE,TRUE,TRUE,TRUE
diagnosed_afb_m15_plus,Diagnosed TB Cases (AFB) M 15+,Open ended,,Numeric,Applies to Clinical facilities Labs PPMVs CPs,TRUE,TRUE,TRUE,TRUE
diagnosed_afb_f15_plus,Diagnosed TB Cases (AFB) F 15+,Open ended,,Numeric,Applies to Clinical facilities Labs PPMVs CPs,TRUE,TRUE,TRUE,TRUE
diagnosed_afb_m,Diagnosed TB Cases  (AFB) M,Open ended,,Numeric,Applies to Clinical facilities Labs PPMVs CPs,TRUE,TRUE,TRUE,TRUE
diagnosed_afb_f,Diagnosed TB Cases  (AFB) F,Open ended,,Numeric,Applies to Clinical facilities Labs PPMVs CPs,TRUE,TRUE,TRUE,TRUE
diagnosed_afb_total,Total TB Cases Diagnosed (AFB),Open ended,,Numeric,Applies to Clinical facilities Labs PPMVs CPs,TRUE,TRUE,TRUE,TRUE
diagnosed_other_m0_14,Diagnosed TB Cases (Others) M 0-14,Open ended,,Numeric,Applies to Clinical facilities Labs PPMVs CPs,TRUE,TRUE,TRUE,TRUE
diagnosed_other_f0_14,Diagnosed TB Cases (Others) F 0-14,Open ended,,Numeric,Applies to Clinical facilities Labs PPMVs CPs,TRUE,TRUE,TRUE,TRUE
diagnosed_other_m15_plus,Diagnosed TB Cases  (Others) M 15+,Open ended,,Numeric,Applies to Clinical facilities Labs PPMVs CPs,TRUE,TRUE,TRUE,TRUE
diagnosed_other_f15_plus,Diagnosed TB Cases (Others) F 15+,Open ended,,Numeric,Applies to Clinical facilities Labs PPMVs CPs,TRUE,TRUE,TRUE,TRUE
diagnosed_other_m,Diagnosed TB Cases  (Others) M,Open ended,,Numeric,Applies to Clinical facilities Labs PPMVs CPs,TRUE,TRUE,TRUE,TRUE
diagnosed_other_f,Diagnosed TB Cases  (Others) F,Open ended,,Numeric,Applies to Clinical facilities Labs PPMVs CPs,TRUE,TRUE,TRUE,TRUE
diagnosed_other_total,Total TB Cases Diagnosed (Others),Open ended,,Numeric,Applies to Clinical facilities Labs PPMVs CPs,TRUE,TRUE,TRUE,TRUE
diagnosed_total,7. Grand Total of  TB Cases Diagnosed,Open ended,,Numeric,Applies to Clinical facilities Labs PPMVs CPs,TRUE,TRUE,TRUE,TRUE
diagnosed_dr_m0_14,DR- TB Cases Diagnosed M 0-14,Open ended,,Numeric,Applies to Clinical facilities Labs PPMVs CPs,TRUE,TRUE,TRUE,TRUE
diagnosed_dr_f0_14,DR- TB Cases Diagnosed F 0-14,Open ended,,Numeric,Applies to Clinical facilities Labs PPMVs CPs,TRUE,TRUE,TRUE,TRUE
diagnosed_dr_m15_plus,DR- TB Cases Diagnosed M 15+,Open ended,,Numeric,Applies to Clinical facilities Labs PPMVs CPs,TRUE,TRUE,TRUE,TRUE
diagnosed_dr_f15_plus,DR- TB Cases Diagnosed F 15+,Open ended,,Numeric,Applies to Clinical facilities Labs PPMVs CPs,TRUE,TRUE,TRUE,TRUE
diagnosed_dr_m,DR TB Cases Diagnosed M,Open ended,,Numeric,Applies to Clinical facilities ,TRUE,FALSE,FALSE,FALSE
diagnosed_dr_f,DR TB Cases Diagnosed F,Open ended,,Numeric,Applies to Clinical facilities ,TRUE,FALSE,FALSE,FALSE
diagnosed_dr_total,Total DR- TB Diagnosed Cases,Open ended,,Numeric,Applies to Clinical facilities Labs PPMVs CPs,TRUE,TRUE,TRUE,TRUE
diagnosed_sbccminor_m0_14,TB Cases Diagnosed from SBCC Minor M 0-14,Open ended,,Numeric,Applies to Clinical facilities Labs PPMVs CPs,TRUE,TRUE,TRUE,TRUE
diagnosed_sbccminor_f0_14,TB Cases Diagnosed from SBCC Minor F 0-14,Open ended,,Numeric,Applies to Clinical facilities Labs PPMVs CPs,TRUE,TRUE,TRUE,TRUE
diagnosed_sbccminor_m15_plus,TB Cases Diagnosed from SBCC Minor M 15+,Open ended,,Numeric,Applies to Clinical facilities Labs PPMVs CPs,TRUE,TRUE,TRUE,TRUE
diagnosed_sbccminor_f15_plus,TB Cases Diagnosed from SBCC Minor F 15+,Open ended,,Numeric,Applies to Clinical facilities Labs PPMVs CPs,TRUE,TRUE,TRUE,TRUE
diagnosed_sbccminor_total,Total Diagnosed TB Cases from SBCC Minor,Open ended,,Numeric,Applies to Clinical facilities Labs PPMVs CPs,TRUE,TRUE,TRUE,TRUE
diagnosed_sbccmajor_m0_14,TB Cases Diagnosed from SBCC Major M 0-14,Open ended,,Numeric,Applies to Clinical facilities Labs PPMVs CPs,TRUE,TRUE,TRUE,TRUE
diagnosed_sbccmajor_f0_14,TB Cases Diagnosed from SBCC Major F 0-14,Open ended,,Numeric,Applies to Clinical facilities Labs PPMVs CPs,TRUE,TRUE,TRUE,TRUE
diagnosed_sbccmajor_m15_plus,TB Cases Diagnosed from SBCC Major M 15+,Open ended,,Numeric,Applies to Clinical facilities Labs PPMVs CPs,TRUE,TRUE,TRUE,TRUE
diagnosed_sbccmajor_f15_plus,TB Cases Diagnosed from SBCC Major F 15+,Open ended,,Numeric,Applies to Clinical facilities Labs PPMVs CPs,TRUE,TRUE,TRUE,TRUE
diagnosed_sbccmajor_total,Total TB Cases Diagnosed from SBCC Major,Open ended,,Numeric,Applies to Clinical facilities Labs PPMVs CPs,TRUE,TRUE,TRUE,TRUE
diagnosed_sbcc_total,8a. Grand Total of TB Cases Diagnosed from SBCC ,Open ended,,Numeric,Applies to Clinical facilities Labs PPMVs CPs,TRUE,TRUE,TRUE,TRUE
diagnosed_ppmv_m0_14,TB Cases Diagnosed from PPMVs M 0-14,Open ended,,Numeric,Applies to Clinical facilities ,TRUE,FALSE,FALSE,FALSE
diagnosed_ppmv_f0_14,TB Cases Diagnosed from PPMVs F 0-14,Open ended,,Numeric,Applies to Clinical facilities ,TRUE,FALSE,FALSE,FALSE
diagnosed_ppmv_m15_plus,TB Cases Diagnosed from PPMVs M 15+,Open ended,,Numeric,Applies to Clinical facilities ,TRUE,FALSE,FALSE,FALSE
diagnosed_ppmv_f15_plus,TB Cases Diagnosed from PPMVs F 15+,Open ended,,Numeric,Applies to Clinical facilities ,TRUE,FALSE,FALSE,FALSE
diagnosed_ppmv_total,Total TB Cases Diagnosed from PPMVs,Open ended,,Numeric,Applies to Clinical facilities ,TRUE,FALSE,FALSE,FALSE
diagnosed_cb_m0_14,TB Cases Diagnosed from CPs M 0-14,Open ended,,Numeric,Applies to Clinical facilities ,TRUE,FALSE,FALSE,FALSE
diagnosed_cb_f0_14,TB Cases Diagnosed from CPs F 0-14,Open ended,,Numeric,Applies to Clinical facilities ,TRUE,FALSE,FALSE,FALSE
diagnosed_cb_m15_plus,TB Cases Diagnosed from CPs M 15+,Open ended,,Numeric,Applies to Clinical facilities ,TRUE,FALSE,FALSE,FALSE
diagnosed_cb_f15_plus,TB Cases Diagnosed from CPs F 15+,Open ended,,Numeric,Applies to Clinical facilities ,TRUE,FALSE,FALSE,FALSE
diagnosed_cb_total,Total TB Cases Diagnosed from CPs,Open ended,,Numeric,Applies to Clinical facilities ,TRUE,FALSE,FALSE,FALSE
diagnosed_spokes_total,8b. Grand Total of Diagnosed TB Cases from Spokes,Open ended,,Numeric,Applies to Clinical facilities ,TRUE,FALSE,FALSE,FALSE
diagbacter_ptb_new_m0_14,PTB Case Bacter. Diagnosed NEW M 0-14,Open ended,,Numeric,Applies to Clinical facilities ,TRUE,FALSE,FALSE,FALSE
diagbacter_ptb_new_f0_14,PTB Case Bacter. Diagnosed NEW F 0-14,Open ended,,Numeric,Applies to Clinical facilities ,TRUE,FALSE,FALSE,FALSE
diagbacter_ptb_new_m15_plus,PTB Case Bacter. Diagnosed NEW M 15+,Open ended,,Numeric,Applies to Clinical facilities ,TRUE,FALSE,FALSE,FALSE
diagbacter_ptb_new_f15_plus,PTB Case Bacter. Diagnosed NEW F 15+,Open ended,,Numeric,Applies to Clinical facilities ,TRUE,FALSE,FALSE,FALSE
diagbacter_ptb_new_total,Total New PTB Cases Bacteriologically Diagnosed,Open ended,,Numeric,Applies to Clinical facilities ,TRUE,FALSE,FALSE,FALSE
diagbacter_ptb_relapse_m0_14,PTB Case Bacter. Diagnosed RELAPSED M 0-14,Open ended,,Numeric,Applies to Clinical facilities ,TRUE,FALSE,FALSE,FALSE
diagbacter_ptb_relapse_f0_14,PTB Case Bacter. Diagnosed RELAPSED F 0-14,Open ended,,Numeric,Applies to Clinical facilities ,TRUE,FALSE,FALSE,FALSE
diagbacter_ptb_relapse_m15_plus,PTB Case Bacter. Diagnosed RELAPSED M 15+,Open ended,,Numeric,Applies to Clinical facilities ,TRUE,FALSE,FALSE,FALSE
diagbacter_ptb_relapse_f15_plus,PTB Case Bacter. Diagnosed RELAPSED F 15+,Open ended,,Numeric,Applies to Clinical facilities ,TRUE,FALSE,FALSE,FALSE
diagbacter_ptb_relapse_total,Total Relapsed PTB Cases Bacteriologically Diagnosed,Open ended,,Numeric,Applies to Clinical facilities ,TRUE,FALSE,FALSE,FALSE
diagbacter_ptb_afterfail_m0_14,PTB Case Bacter. Diagnosed TX after Failure M 0-14,Open ended,,Numeric,Applies to Clinical facilities ,TRUE,FALSE,FALSE,FALSE
diagbacter_ptb_afterfail_f0_14,PTB Case Bact. Diagnosed TX after Failure F 0-14,Open ended,,Numeric,Applies to Clinical facilities ,TRUE,FALSE,FALSE,FALSE
diagbacter_ptb_afterfail_m15_p,PTB Case Bacter. Diagnosed TX after Failure M 15+,Open ended,,Numeric,Applies to Clinical facilities ,TRUE,FALSE,FALSE,FALSE
diagbacter_ptb_afterfail_f15_p,PTB Case Bact. Diagnosed TX after Failure F 15+,Open ended,,Numeric,Applies to Clinical facilities ,TRUE,FALSE,FALSE,FALSE
diagbacter_ptb_afterfail_total,Total TX after Failure PTB Cases Bacteriologically Diagnosed,Open ended,,Numeric,Applies to Clinical facilities ,TRUE,FALSE,FALSE,FALSE
diagbacter_ptb_afterltfu_m0_14,PTB Case Bacter. Diagnosed TX after LTFU M 0-14,Open ended,,Numeric,Applies to Clinical facilities ,TRUE,FALSE,FALSE,FALSE
diagbacter_ptb_afterltfu_f0_14,PTB Case Bact. Diagnosed TX after LTFU F 0-14,Open ended,,Numeric,Applies to Clinical facilities ,TRUE,FALSE,FALSE,FALSE
diagbacter_ptb_afterltfu_m15_p,PTB Case Bacter. Diagnosed TX after LTFU M 15+,Open ended,,Numeric,Applies to Clinical facilities ,TRUE,FALSE,FALSE,FALSE
diagbacter_ptb_afterltfu_f15_p,PTB Case Bact. Diagnosed TX after LTFU F 15+,Open ended,,Numeric,Applies to Clinical facilities ,TRUE,FALSE,FALSE,FALSE
diagbacter_ptb_afterltfu_total,Total TX after LTFU PTB Cases Bacteriologically Diagnosed,Open ended,,Numeric,Applies to Clinical facilities ,TRUE,FALSE,FALSE,FALSE
diagbacter_ptb_total,9a. Sum Total of PTB Cases Bacteriologically Diagnosed,Open ended,,Numeric,Applies to Clinical facilities ,TRUE,FALSE,FALSE,FALSE
diagclinic_ptb_new_m0_14,PTB Case Clinically Diagnosed New M 0-14,Open ended,,Numeric,Applies to Clinical facilities ,TRUE,FALSE,FALSE,FALSE
diagclinic_ptb_new_f0_14,PTB Case Clinically Diagnosed New F 0-14,Open ended,,Numeric,Applies to Clinical facilities ,TRUE,FALSE,FALSE,FALSE
diagclinic_ptb_new_m15_plus,PTB Case Clinically Diagnosed New M 15+,Open ended,,Numeric,Applies to Clinical facilities ,TRUE,FALSE,FALSE,FALSE
diagclinic_ptb_new_f15_plus,PTB Case Clinically Diagnosed New F 15+,Open ended,,Numeric,Applies to Clinical facilities ,TRUE,FALSE,FALSE,FALSE
diagclinic_ptb_new_total,Total New PTB Cases Clinically Diagnosed,Open ended,,Numeric,Applies to Clinical facilities ,TRUE,FALSE,FALSE,FALSE
diagclinic_ptb_relapse_m0_14,PTB Case Clinically Diagnosed Relapse M 0-14,Open ended,,Numeric,Applies to Clinical facilities ,TRUE,FALSE,FALSE,FALSE
diagclinic_ptb_relapse_f0_14,PTB Case Clinically Diagnosed Relapse F 0-14,Open ended,,Numeric,Applies to Clinical facilities ,TRUE,FALSE,FALSE,FALSE
diagclinic_ptb_relapse_m15_plus,PTB Case Clinically Diagnosed Relapse M 15+,Open ended,,Numeric,Applies to Clinical facilities ,TRUE,FALSE,FALSE,FALSE
diagclinic_ptb_relapse_f15_plus,PTB Case Clinically Diagnosed Relapse F 15+,Open ended,,Numeric,Applies to Clinical facilities ,TRUE,FALSE,FALSE,FALSE
diagclinic_ptb_relapse_total,Total Relapsed PTB Cases Clinically Diagnosed,Open ended,,Numeric,Applies to Clinical facilities ,TRUE,FALSE,FALSE,FALSE
diagclinic_ptb_afterfail_m0_14,PTB Case Clinically Diagnosed TX after Failure M 0-14,Open ended,,Numeric,Applies to Clinical facilities ,TRUE,FALSE,FALSE,FALSE
diagclinic_ptb_afterfail_f0_14,PTB Case Clinically Diagnosed TX after Failure F 0-14,Open ended,,Numeric,Applies to Clinical facilities ,TRUE,FALSE,FALSE,FALSE
diagclinic_ptb_afterfail_m15_p,PTB Case Clinically Diagnosed TX after Failure M 15+,Open ended,,Numeric,Applies to Clinical facilities ,TRUE,FALSE,FALSE,FALSE
diagclinic_ptb_afterfail_f15_p,PTB Case Clinically Diagnosed TX after Failure F 15+,Open ended,,Numeric,Applies to Clinical facilities ,TRUE,FALSE,FALSE,FALSE
diagclinic_ptb_afterfail_total,Total TX after Failure PTB Cases Clinically Diagnosed,Open ended,,Numeric,Applies to Clinical facilities ,TRUE,FALSE,FALSE,FALSE
diagclinic_ptb_afterltfu_m0_14,PTB Case Clinically Diagnosed TX after LTFU M 0-14,Open ended,,Numeric,Applies to Clinical facilities ,TRUE,FALSE,FALSE,FALSE
diagclinic_ptb_afterltfu_f0_14,PTB Case Clinically Diagnosed TX after LTFU F 0-14,Open ended,,Numeric,Applies to Clinical facilities ,TRUE,FALSE,FALSE,FALSE
diagclinic_ptb_afterltfu_m15_p,PTB Case Clinically Diagnosed TX after LTFU M 15+,Open ended,,Numeric,Applies to Clinical facilities ,TRUE,FALSE,FALSE,FALSE
diagclinic_ptb_afterltfu_f15_p,PTB Case Clinically Diagnosed TX after LTFU F 15+,Open ended,,Numeric,Applies to Clinical facilities ,TRUE,FALSE,FALSE,FALSE
diagclinic_ptb_afterltfu_total,Total TX after LTFU PTB Cases Clinically Diagnosed,Open ended,,Numeric,Applies to Clinical facilities ,TRUE,FALSE,FALSE,FALSE
diagclinic_ptb_total,9b. Sum Total of PTB Cases Clinically Diagnosed,Open ended,,Numeric,Applies to Clinical facilities ,TRUE,FALSE,FALSE,FALSE
diagbacter_eptb_new_m0_14,EPTB Case Bacter. Diagnosed New M 0-14,Open ended,,Numeric,Applies to Clinical facilities ,TRUE,FALSE,FALSE,FALSE
diagbacter_eptb_new_f0_14,EPTB Case Bact. Diagnosed New F 0-14,Open ended,,Numeric,Applies to Clinical facilities ,TRUE,FALSE,FALSE,FALSE
diagbacter_eptb_new_m15_plus,EPTB Case Bacter. Diagnosed New M 15+,Open ended,,Numeric,Applies to Clinical facilities ,TRUE,FALSE,FALSE,FALSE
diagbacter_eptb_new_f15_plus,EPTB Case Bact. Diagnosed New F 15+,Open ended,,Numeric,Applies to Clinical facilities ,TRUE,FALSE,FALSE,FALSE
diagbacter_eptb_new_total,Total NEW EPTB Cases Bacteriologically Diagnosed,Open ended,,Numeric,Applies to Clinical facilities ,TRUE,FALSE,FALSE,FALSE
diagbacter_eptb_relapse_m0_14,EPTB Case Bacter. Diagnosed Relapse M 0-14,Open ended,,Numeric,Applies to Clinical facilities ,TRUE,FALSE,FALSE,FALSE
diagbacter_eptb_relapse_f0_14,EPTB Case Bact. Diagnosed Relapse F 0-14,Open ended,,Numeric,Applies to Clinical facilities ,TRUE,FALSE,FALSE,FALSE
diagbacter_eptb_relapse_m15_p,EPTB Case Bacter. Diagnosed Relapse M 15+,Open ended,,Numeric,Applies to Clinical facilities ,TRUE,FALSE,FALSE,FALSE
diagbacter_eptb_relapse_f15_p,EPTB Case Bact. Diagnosed Relapse F 15+,Open ended,,Numeric,Applies to Clinical facilities ,TRUE,FALSE,FALSE,FALSE
diagbacter_eptb_relapse_total,Total RELAPSED EPTB Cases Bacteriologically Diagnosed,Open ended,,Numeric,Applies to Clinical facilities ,TRUE,FALSE,FALSE,FALSE
diagbacter_eptb_afterfail_m0_14,EPTB Case Bacter. Diagnosed TX after Failure M 0-14,Open ended,,Numeric,Applies to Clinical facilities ,TRUE,FALSE,FALSE,FALSE
diagbacter_eptb_afterfail_f0_14,EPTB Case Bact. Diagnosed TX after Failure F 0-14,Open ended,,Numeric,Applies to Clinical facilities ,TRUE,FALSE,FALSE,FALSE
diagbacter_eptb_afterfail_m15_p,EPTB Case Bacter. Diagnosed TX after Failure M 15+,Open ended,,Numeric,Applies to Clinical facilities ,TRUE,FALSE,FALSE,FALSE
diagbacter_eptb_afterfail_f15_p,EPTB Case Bact. Diagnosed TX after Failure F 15+,Open ended,,Numeric,Applies to Clinical facilities ,TRUE,FALSE,FALSE,FALSE
diagbacter_eptb_afterfail_total,Total TX after Failure EPTB Cases Bacteriologically Diagnosed,Open ended,,Numeric,Applies to Clinical facilities ,TRUE,FALSE,FALSE,FALSE
diagbacter_eptb_afterltfu_m0_14,EPTB Case Bacter. Diagnosed TX after LTFU M 0-14,Open ended,,Numeric,Applies to Clinical facilities ,TRUE,FALSE,FALSE,FALSE
diagbacter_eptb_afterltfu_f0_14,EPTB Case Bact. Diagnosed TX after LTFU F 0-14,Open ended,,Numeric,Applies to Clinical facilities ,TRUE,FALSE,FALSE,FALSE
diagbacter_eptb_afterltfu_m15_p,EPTB Case Bacter. Diagnosed TX after LTFU M 15+,Open ended,,Numeric,Applies to Clinical facilities ,TRUE,FALSE,FALSE,FALSE
diagbacter_eptb_afterltfu_f15_p,EPTB Case Bact. Diagnosed TX after LTFU F 15+,Open ended,,Numeric,Applies to Clinical facilities ,TRUE,FALSE,FALSE,FALSE
diagbacter_eptb_afterltfu_total,Total TX after LTFU EPTB Cases Bacteriologically Diagnosed,Open ended,,Numeric,Applies to Clinical facilities ,TRUE,FALSE,FALSE,FALSE
diagbacter_eptb_total,10a. Total EPTB Cases Bacteriologically Diagnosed ,Open ended,,Numeric,Applies to Clinical facilities ,TRUE,FALSE,FALSE,FALSE
diagclinic_eptb_new_m0_14,EPTB Case Clinically Diagnosed New M 0-14,Open ended,,Numeric,Applies to Clinical facilities ,TRUE,FALSE,FALSE,FALSE
diagclinic_eptb_new_f0_14,EPTB Case Clinically Diagnosed New F 0-14,Open ended,,Numeric,Applies to Clinical facilities ,TRUE,FALSE,FALSE,FALSE
diagclinic_eptb_new_m15_plus,EPTB Case Clinically Diagnosed New M 15+,Open ended,,Numeric,Applies to Clinical facilities ,TRUE,FALSE,FALSE,FALSE
diagclinic_eptb_new_f15_plus,EPTB Case Clinically Diagnosed New F 15+,Open ended,,Numeric,Applies to Clinical facilities ,TRUE,FALSE,FALSE,FALSE
diagclinic_eptb_new_total,Total New EPTB Case Clinically Diagnosed,Open ended,,Numeric,Applies to Clinical facilities ,TRUE,FALSE,FALSE,FALSE
diagclinic_eptb_relapse_m0_14,EPTB Case Clinically Diagnosed Relapse M 0-14,Open ended,,Numeric,Applies to Clinical facilities ,TRUE,FALSE,FALSE,FALSE
diagclinic_eptb_relapse_f0_14,EPTB Case Clinically Diagnosed Relapse F 0-14,Open ended,,Numeric,Applies to Clinical facilities ,TRUE,FALSE,FALSE,FALSE
diagclinic_eptb_relapse_m15_p,EPTB Case Clinically Diagnosed Relapse M 15+,Open ended,,Numeric,Applies to Clinical facilities ,TRUE,FALSE,FALSE,FALSE
diagclinic_eptb_relapse_f15_p,EPTB Case Clinically Diagnosed Relapse F 15+,Open ended,,Numeric,Applies to Clinical facilities ,TRUE,FALSE,FALSE,FALSE
diagclinic_eptb_relapse_total,Total Relapse EPTB Case Clinically Diagnosed,Open ended,,Numeric,Applies to Clinical facilities ,TRUE,FALSE,FALSE,FALSE
diagclinic_eptb_afterfail_m0_14,EPTB Case Clinically Diagnosed TX after Failure M 0-14,Open ended,,Numeric,Applies to Clinical facilities ,TRUE,FALSE,FALSE,FALSE
diagclinic_eptb_afterfail_f0_14,EPTB Case Clinically Diagnosed TX after Failure F 0-14,Open ended,,Numeric,Applies to Clinical facilities ,TRUE,FALSE,FALSE,FALSE
diagclinic_eptb_afterfail_m15_p,EPTB Case Clinically Diagnosed TX after Failure M 15+,Open ended,,Numeric,Applies to Clinical facilities ,TRUE,FALSE,FALSE,FALSE
diagclinic_eptb_afterfail_f15_p,EPTB Case Clinically Diagnosed TX after Failure F 15+,Open ended,,Numeric,Applies to Clinical facilities ,TRUE,FALSE,FALSE,FALSE
diagclinic_eptb_afterfail_total,Total TX after Failure EPTB Case Clinically Diagnosed,Open ended,,Numeric,Applies to Clinical facilities ,TRUE,FALSE,FALSE,FALSE
diagclinic_eptb_afterltfu_m0_14,EPTB Case Clinically Diagnosed TX after LTFU M 0-14,Open ended,,Numeric,Applies to Clinical facilities ,TRUE,FALSE,FALSE,FALSE
diagclinic_eptb_afterltfu_f0_14,EPTB Case Clinically Diagnosed TX after LTFU F 0-14,Open ended,,Numeric,Applies to Clinical facilities ,TRUE,FALSE,FALSE,FALSE
diagclinic_eptb_afterltfu_m15_p,EPTB Case Clinically Diagnosed TX after LTFU M 15+,Open ended,,Numeric,Applies to Clinical facilities ,TRUE,FALSE,FALSE,FALSE
diagclinic_eptb_afterltfu_f15_p,EPTB Case Clinically Diagnosed TX after LTFU F 15+,Open ended,,Numeric,Applies to Clinical facilities ,TRUE,FALSE,FALSE,FALSE
diagclinic_eptb_afterltfu_total,Total TX after LTFU EPTB Case Clinically Diagnosed,Open ended,,Numeric,Applies to Clinical facilities ,TRUE,FALSE,FALSE,FALSE
diagclinic_eptb_total,10b. Total of EPTB Cases Clinically Diagnosed,Open ended,,Numeric,Applies to Clinical facilities ,TRUE,FALSE,FALSE,FALSE
cases_starttrt_pvtfac,Grand Total of Cases that Started TX in Private Facilities,Open ended,,Numeric,Applies to Clinical facilities ,TRUE,FALSE,FALSE,FALSE
cases_txsupporter_m0_14,TB Cases with TX Supporter M 0-14,Open ended,,Numeric,Applies to Clinical facilities ,TRUE,FALSE,FALSE,FALSE
cases_txsupporter_f0_14,TB Cases with TX Supporter F 0-14,Open ended,,Numeric,Applies to Clinical facilities ,TRUE,FALSE,FALSE,FALSE
cases_txsupporter_m15_plus,TB Cases with TX Supporter M 15+,Open ended,,Numeric,Applies to Clinical facilities ,TRUE,FALSE,FALSE,FALSE
cases_txsupporter_f15_plus,TB Cases with TX Supporter F 15+,Open ended,,Numeric,Applies to Clinical facilities ,TRUE,FALSE,FALSE,FALSE
cases_txsupporter_m,TB Cases with TX Supporter M,Open ended,,Numeric,Applies to Clinical facilities ,TRUE,FALSE,FALSE,FALSE
cases_txsupporter_f,TB Cases with TX Supporter F,Open ended,,Numeric,Applies to Clinical facilities ,TRUE,FALSE,FALSE,FALSE
cases_txsupporter_total,11. Grand Total of TB Cases with TX Supporter,Open ended,,Numeric,Applies to Clinical facilities ,TRUE,FALSE,FALSE,FALSE
cases_newrelapsed_m0_14,New and Relapsed TB Cases M 0-14,Open ended,,Numeric,Applies to Clinical facilities ,TRUE,FALSE,FALSE,FALSE
cases_newrelapsed_f0_14,New and Relapsed TB Cases F 0-14,Open ended,,Numeric,Applies to Clinical facilities ,TRUE,FALSE,FALSE,FALSE
cases_newrelapsed_m15_plus,New and Relapsed TB Cases M 15+,Open ended,,Numeric,Applies to Clinical facilities ,TRUE,FALSE,FALSE,FALSE
cases_newrelapsed_f15_plus,New and Relapsed TB Cases F 15+,Open ended,,Numeric,Applies to Clinical facilities ,TRUE,FALSE,FALSE,FALSE
cases_newrelapsed_total,12. Grand Total of New and Relapsed TB Cases,Open ended,,Numeric,Applies to Clinical facilities ,TRUE,FALSE,FALSE,FALSE
ontreat_pvtfac_m0_14,TX in Private Facility M 0-14,Open ended,,Numeric,Applies to Clinical facilities ,TRUE,FALSE,FALSE,FALSE
ontreat_pvtfac_f0_14,TX in Private Facility F 0-14,Open ended,,Numeric,Applies to Clinical facilities ,TRUE,FALSE,FALSE,FALSE
ontreat_pvtfac_m15_plus,TX in Private Facility M 15+,Open ended,,Numeric,Applies to Clinical facilities ,TRUE,FALSE,FALSE,FALSE
ontreat_pvtfac_f15_plus,TX in Private Facility F 15+,Open ended,,Numeric,Applies to Clinical facilities ,TRUE,FALSE,FALSE,FALSE
ontreat_pvtfac_total,13. Grand Total of Patients on TX in Private Facilities,Open ended,,Numeric,Applies to Clinical facilities ,TRUE,FALSE,FALSE,FALSE
ref_pubhosp_m0_14,Referred to Public Hosp M 0-14,Open ended,,Numeric,Applies to Clinical facilities ,TRUE,FALSE,FALSE,FALSE
ref_pubhosp_f0_14,Referred to Public Hosp F 0-14,Open ended,,Numeric,Applies to Clinical facilities ,TRUE,FALSE,FALSE,FALSE
ref_pubhosp_m15_plus,Referred to Public Hosp M 15+,Open ended,,Numeric,Applies to Clinical facilities ,TRUE,FALSE,FALSE,FALSE
ref_pubhosp_f15_plus,Referred to Public Hosp F 15+,Open ended,,Numeric,Applies to Clinical facilities ,TRUE,FALSE,FALSE,FALSE
ref_pubhosp_total,14. Grand Total of Patients Referred to Public Hospitals,Open ended,,Numeric,Applies to Clinical facilities ,TRUE,FALSE,FALSE,FALSE
ref_trt_m0_14,TB Cases Referred for Treatment M 0-14,Open ended,,Numeric,Applies to Labs ,FALSE,FALSE,TRUE,FALSE
ref_trt_f0_14,TB Cases Referred for Treatment F 0-14,Open ended,,Numeric,Applies to Labs ,FALSE,FALSE,TRUE,FALSE
ref_trt_m15_plus,TB Cases Referred for Treatment M 15+,Open ended,,Numeric,Applies to Labs ,FALSE,FALSE,TRUE,FALSE
ref_trt_f15_plus,TB Cases Referred for Treatment F 15+,Open ended,,Numeric,Applies to Labs ,FALSE,FALSE,TRUE,FALSE
ref_trt_total,7. Total TB Cases Referred for Treatment,Open ended,,Numeric,Applies to Labs ,FALSE,FALSE,TRUE,FALSE
cases_starttrt_pvthosp_m0_14,TB Cases that Started TX in Private Hospital M 0-14,Open ended,,Numeric,Applies to Labs PPMVs CPs,FALSE,TRUE,TRUE,TRUE
cases_starttrt_pvthosp_f0_14,TB Cases that Started TX in Private Hospital F 0-14,Open ended,,Numeric,Applies to Labs PPMVs CPs,FALSE,TRUE,TRUE,TRUE
cases_starttrt_pvthosp_m15_plus,TB Cases that Started TX in Private Hospital M 15+,Open ended,,Numeric,Applies to Labs PPMVs CPs,FALSE,TRUE,TRUE,TRUE
cases_starttrt_pvthosp_f15_plus,TB Cases that Started TX in Private Hospital F 15+,Open ended,,Numeric,Applies to Labs PPMVs CPs,FALSE,TRUE,TRUE,TRUE
cases_starttrt_pvthosp_total,8. Total TB Cases that Started TX in Private Hospital,Open ended,,Numeric,Applies to Labs PPMVs CPs,FALSE,TRUE,TRUE,TRUE
cases_starttrt_pubhosp_m0_14,TB Cases that Started TX in Public Hospital M 0-14,Open ended,,Numeric,Applies to Labs PPMVs CPs,FALSE,TRUE,TRUE,TRUE
cases_starttrt_pubhosp_f0_14,TB Cases that Started TX in Public Hospital F 0-14,Open ended,,Numeric,Applies to Labs PPMVs CPs,FALSE,TRUE,TRUE,TRUE
cases_starttrt_pubhosp_m15_plus,TB Cases that Started TX in Public Hospital M 15+,Open ended,,Numeric,Applies to Labs PPMVs CPs,FALSE,TRUE,TRUE,TRUE
cases_starttrt_pubhosp_f15_plus,TB Cases that Started TX in Public Hospital F 15+,Open ended,,Numeric,Applies to Labs PPMVs CPs,FALSE,TRUE,TRUE,TRUE
cases_starttrt_pubhosp_total,9. Total TB Cases that Started TX in Public Hospital,Open ended,,Numeric,Applies to Labs PPMVs CPs,FALSE,TRUE,TRUE,TRUE
cases_hivpos_m0_14,HIV Positive TB Cases M 0-14,Open ended,,Numeric,Applies to Labs ,FALSE,FALSE,TRUE,FALSE
cases_hivpos_f0_14,HIV Positive TB Cases F 0-14,Open ended,,Numeric,Applies to Labs ,FALSE,FALSE,TRUE,FALSE
cases_hivpos_m15_plus,HIV Positive TB Cases M 15+,Open ended,,Numeric,Applies to Labs ,FALSE,FALSE,TRUE,FALSE
cases_hivpos_f15_plus,HIV Positive TB Cases F 15+,Open ended,,Numeric,Applies to Labs ,FALSE,FALSE,TRUE,FALSE
cases_hivpos_total,Total HIV Positive,Open ended,,Numeric,Applies to Labs ,FALSE,FALSE,TRUE,FALSE
cases_hivneg_m0_14,HIV Negative TB Cases M 0-14,Open ended,,Numeric,Applies to Labs ,FALSE,FALSE,TRUE,FALSE
cases_hivneg_f0_14,HIV Negative TB Cases F 0-14,Open ended,,Numeric,Applies to Labs ,FALSE,FALSE,TRUE,FALSE
cases_hivneg_m15_plus,HIV Negative TB Cases M 15+,Open ended,,Numeric,Applies to Labs ,FALSE,FALSE,TRUE,FALSE
cases_hivneg_f15_plus,HIV Negative TB Cases F 15+,Open ended,,Numeric,Applies to Labs ,FALSE,FALSE,TRUE,FALSE
cases_hivneg_total,Total HIV Negative,Open ended,,Numeric,Applies to Labs ,FALSE,FALSE,TRUE,FALSE
cases_hivdk_m0_14,HIV Unknown TB Cases M 0-14,Open ended,,Numeric,Applies to Labs ,FALSE,FALSE,TRUE,FALSE
cases_hivdk_f0_14,HIV Unknown TB Cases F 0-14,Open ended,,Numeric,Applies to Labs ,FALSE,FALSE,TRUE,FALSE
cases_hivdk_m15_plus,HIV Unknown TB Cases M 15+,Open ended,,Numeric,Applies to Labs ,FALSE,FALSE,TRUE,FALSE
cases_hivdk_f15_plus,HIV Unknown TB Cases F 15+,Open ended,,Numeric,Applies to Labs ,FALSE,FALSE,TRUE,FALSE
cases_hivdk_total,Total Unknown HIV Status,Open ended,,Numeric,Applies to Labs ,FALSE,FALSE,TRUE,FALSE
cases_hivstatus_total,10. Grand Total of HIV Status of TB Cases,Open ended,,Numeric,Applies to Labs ,FALSE,FALSE,TRUE,FALSE
outcome_cured_m0_14,Tx Outcome (Cured) M 0-14,Open ended,,Numeric,Applies to Clinical facilities ,TRUE,FALSE,FALSE,FALSE
outcome_cured_f0_14,Tx Outcome (Cured) F 0-14,Open ended,,Numeric,Applies to Clinical facilities ,TRUE,FALSE,FALSE,FALSE
outcome_cured_m15_plus,Tx Outcome (Cured) M 15+,Open ended,,Numeric,Applies to Clinical facilities ,TRUE,FALSE,FALSE,FALSE
outcome_cured_f15_plus,Tx Outcome (Cured) F 15+,Open ended,,Numeric,Applies to Clinical facilities ,TRUE,FALSE,FALSE,FALSE
outcome_cured_total,Total                        Tx Outcome (Cured),Open ended,,Numeric,Applies to Clinical facilities ,TRUE,FALSE,FALSE,FALSE
outcome_fail_m0_14,Tx Outcome (Tx Failure) M 0-14,Open ended,,Numeric,Applies to Clinical facilities ,TRUE,FALSE,FALSE,FALSE
outcome_fail_f0_14,Tx Outcome (Tx Failure) F 0-14,Open ended,,Numeric,Applies to Clinical facilities ,TRUE,FALSE,FALSE,FALSE
outcome_fail_m15_plus,Tx Outcome (Tx Failure) M 15+,Open ended,,Numeric,Applies to Clinical facilities ,TRUE,FALSE,FALSE,FALSE
outcome_fail_f15_plus,Tx Outcome (Tx Failure) F 15+,Open ended,,Numeric,Applies to Clinical facilities ,TRUE,FALSE,FALSE,FALSE
outcome_fail_total,Total Tx Outcome (Tx Failure),Open ended,,Numeric,Applies to Clinical facilities ,TRUE,FALSE,FALSE,FALSE
outcome_ltfu_m0_14,Tx Outcome (LTFU) M 0-14,Open ended,,Numeric,Applies to Clinical facilities ,TRUE,FALSE,FALSE,FALSE
outcome_ltfu_f0_14,Tx Outcome (LTFU) F 0-14,Open ended,,Numeric,Applies to Clinical facilities ,TRUE,FALSE,FALSE,FALSE
outcome_ltfu_m15_plus,Tx Outcome (LTFU) M 15+,Open ended,,Numeric,Applies to Clinical facilities ,TRUE,FALSE,FALSE,FALSE
outcome_ltfu_f15_plus,Tx Outcome (LTFU) F 15+,Open ended,,Numeric,Applies to Clinical facilities ,TRUE,FALSE,FALSE,FALSE
outcome_ltfu_total,Total Tx Outcome (LTFU),Open ended,,Numeric,Applies to Clinical facilities ,TRUE,FALSE,FALSE,FALSE
outcome_died_m0_14,Tx Outcome (Died) M 0-14,Open ended,,Numeric,Applies to Clinical facilities ,TRUE,FALSE,FALSE,FALSE
outcome_died_f0_14,Tx Outcome (Died) F 0-14,Open ended,,Numeric,Applies to Clinical facilities ,TRUE,FALSE,FALSE,FALSE
outcome_died_m15_plus,Tx Outcome (Died) M 15+,Open ended,,Numeric,Applies to Clinical facilities ,TRUE,FALSE,FALSE,FALSE
outcome_died_f15_plus,Tx Outcome (Died) F 15+,Open ended,,Numeric,Applies to Clinical facilities ,TRUE,FALSE,FALSE,FALSE
outcome_died_total,Total Tx Outcome (Died),Open ended,,Numeric,Applies to Clinical facilities ,TRUE,FALSE,FALSE,FALSE
outcome_completed_m0_14,Tx Outcome (Tx Completed) M 0-14,Open ended,,Numeric,Applies to Clinical facilities ,TRUE,FALSE,FALSE,FALSE
outcome_completed_f0_14,Tx Outcome (Tx Completed)F 0-14,Open ended,,Numeric,Applies to Clinical facilities ,TRUE,FALSE,FALSE,FALSE
outcome_completed_m15_plus,Tx Outcome (Tx Completed) M 15+,Open ended,,Numeric,Applies to Clinical facilities ,TRUE,FALSE,FALSE,FALSE
outcome_completed_f15_plus,Tx Outcome (Tx Completed) F 15+,Open ended,,Numeric,Applies to Clinical facilities ,TRUE,FALSE,FALSE,FALSE
outcome_completed_total,Total Tx Outcome (Tx Completed),Open ended,,Numeric,Applies to Clinical facilities ,TRUE,FALSE,FALSE,FALSE
outcome_transferout_m0_14,Tx Outcome (Transferred Out) M 0-14,Open ended,,Numeric,Applies to Clinical facilities ,TRUE,FALSE,FALSE,FALSE
outcome_transferout_f0_14,Tx Outcome (Transferred Out) F 0-14,Open ended,,Numeric,Applies to Clinical facilities ,TRUE,FALSE,FALSE,FALSE
outcome_transferout_m15_plus,Tx Outcome (Transferred Out) M 15+,Open ended,,Numeric,Applies to Clinical facilities ,TRUE,FALSE,FALSE,FALSE
outcome_transferout_f15_plus,Tx Outcome (Transferred Out) F 15+,Open ended,,Numeric,Applies to Clinical facilities ,TRUE,FALSE,FALSE,FALSE
outcome_transferout_total,Total Tx Outcome (Transferred Out),Open ended,,Numeric,Applies to Clinical facilities ,TRUE,FALSE,FALSE,FALSE
outcome_transferin_m0_14,Tx Outcome (Transferred In) M 0-14,Open ended,,Numeric,Applies to Clinical facilities ,TRUE,FALSE,FALSE,FALSE
outcome_transferin_f0_14,Tx Outcome (Transferred In) F 0-14,Open ended,,Numeric,Applies to Clinical facilities ,TRUE,FALSE,FALSE,FALSE
outcome_transferin_m15_plus,Tx Outcome (Transferred In) M 15+,Open ended,,Numeric,Applies to Clinical facilities ,TRUE,FALSE,FALSE,FALSE
outcome_transferin_f15_plus,Tx Outcome (Transferred In) F 15+,Open ended,,Numeric,Applies to Clinical facilities ,TRUE,FALSE,FALSE,FALSE
outcome_transferin_total,Total Tx Outcome (Transferred In),Open ended,,Numeric,Applies to Clinical facilities ,TRUE,FALSE,FALSE,FALSE
outcome_total,15. Grand Total of Treatment Outcome,Open ended,,Numeric,Applies to Clinical facilities ,TRUE,FALSE,FALSE,FALSE
notifbacter_ptb_m0_14,Notification by Bact. Diagnosed  PTB M 0-14,Open ended,,Numeric,Applies to Clinical facilities Labs ,TRUE,FALSE,TRUE,FALSE
notifbacter_ptb_f0_14,Notification by Bact. Diagnosed PTB F 0-14,Open ended,,Numeric,Applies to Clinical facilities Labs ,TRUE,FALSE,TRUE,FALSE
notifbacter_ptb_m15_plus,Notification by Bact. Diagnosed PTB M 15+,Open ended,,Numeric,Applies to Clinical facilities Labs ,TRUE,FALSE,TRUE,FALSE
notifbacter_ptb_f15_plus,Notification by Bact. Diagnosed PTB F 15+,Open ended,,Numeric,Applies to Clinical facilities Labs ,TRUE,FALSE,TRUE,FALSE
notifbacter_ptb_m,Notification by Bact. Diagnosed PTB M,Open ended,,Numeric,Applies to Clinical facilities ,TRUE,FALSE,FALSE,FALSE
notifbacter_ptb_f,Notification by Bact. Diagnosed PTB F,Open ended,,Numeric,Applies to Clinical facilities ,TRUE,FALSE,FALSE,FALSE
notifbacter_ptb_total,Total Notification by Bacteriologically Diagnosed PTB,Open ended,,Numeric,Applies to Clinical facilities Labs ,TRUE,FALSE,TRUE,FALSE
notifbacter_eptb_m0_14,Notification by Bact. Diagnosed  EPTB M 0-14,Open ended,,Numeric,Applies to Clinical facilities Labs ,TRUE,FALSE,TRUE,FALSE
notifbacter_eptb_f0_14,Notification by Bact. Diagnosed EPTB F 0-14,Open ended,,Numeric,Applies to Clinical facilities Labs ,TRUE,FALSE,TRUE,FALSE
notifbacter_eptb_m15_plus,Notification by Bact. Diagnosed EPTB M 15+,Open ended,,Numeric,Applies to Clinical facilities Labs ,TRUE,FALSE,TRUE,FALSE
notifbacter_eptb_f15_plus,Notification by Bact. Diagnosed EPTB F 15+,Open ended,,Numeric,Applies to Clinical facilities Labs ,TRUE,FALSE,TRUE,FALSE
notifbacter_eptb_m,Notification by Bact. Diagnosed EPTB M,Open ended,,Numeric,Applies to Clinical facilities ,TRUE,FALSE,FALSE,FALSE
notifbacter_eptb_f,Notification by Bact. Diagnosed EPTB F,Open ended,,Numeric,Applies to Clinical facilities ,TRUE,FALSE,FALSE,FALSE
notifbacter_eptb_total,Total Notification by Bacteriologically Diagnosed EPTB,Open ended,,Numeric,Applies to Clinical facilities Labs ,TRUE,FALSE,TRUE,FALSE
notifclinic_ptb_m0_14,Notification by Clinically Diagnosed  PTB M 0-14,Open ended,,Numeric,Applies to Clinical facilities Labs ,TRUE,FALSE,TRUE,FALSE
notifclinic_ptb_f0_14,Notification by Clinically Diagnosed PTB F 0-14,Open ended,,Numeric,Applies to Clinical facilities Labs ,TRUE,FALSE,TRUE,FALSE
notifclinic_ptb_m15_plus,Notification by Clinically Diagnosed PTB M 15+,Open ended,,Numeric,Applies to Clinical facilities Labs ,TRUE,FALSE,TRUE,FALSE
notifclinic_ptb_f15_plus,Notification by Clinically Diagnosed PTB F 15+,Open ended,,Numeric,Applies to Clinical facilities Labs ,TRUE,FALSE,TRUE,FALSE
notifclinic_ptb_m,Notification by Clinically  Diagnosed PTB M,Open ended,,Numeric,Applies to Clinical facilities ,TRUE,FALSE,FALSE,FALSE
notifclinic_ptb_f,Notification by Clinically Diagnosed PTB F,Open ended,,Numeric,Applies to Clinical facilities ,TRUE,FALSE,FALSE,FALSE
notifclinic_ptb_total,Total Notification by Clinically Diagnosed PTB,Open ended,,Numeric,Applies to Clinical facilities Labs ,TRUE,FALSE,TRUE,FALSE
notifclinic_eptb_m0_14,Notification by Clinically Diagnosed  EPTB M 0-14,Open ended,,Numeric,Applies to Clinical facilities Labs ,TRUE,FALSE,TRUE,FALSE
notifclinic_eptb_f0_14,Notification by Clinically Diagnosed EPTB F 0-14,Open ended,,Numeric,Applies to Clinical facilities Labs ,TRUE,FALSE,TRUE,FALSE
notifclinic_eptb_m15_plus,Notification by Clinically Diagnosed EPTB M 15+,Open ended,,Numeric,Applies to Clinical facilities Labs ,TRUE,FALSE,TRUE,FALSE
notifclinic_eptb_f15_plus,Notification by Clinically Diagnosed EPTB F 15+,Open ended,,Numeric,Applies to Clinical facilities Labs ,TRUE,FALSE,TRUE,FALSE
notifclinic_eptb_m,Notification by Clinically  Diagnosed EPTB M,Open ended,,Numeric,Applies to Clinical facilities ,TRUE,FALSE,FALSE,FALSE
notifclinic_eptb_f,Notification by Clinically Diagnosed EPTB F,Open ended,,Numeric,Applies to Clinical facilities ,TRUE,FALSE,FALSE,FALSE
notifclinic_eptb_total,Total Notification by Clinically Diagnosed EPTB,Open ended,,Numeric,Applies to Clinical facilities Labs ,TRUE,FALSE,TRUE,FALSE
notif_total,16. Grand Total of Cases Notified,Open ended,,Numeric,Applies to Clinical facilities Labs ,TRUE,FALSE,TRUE,FALSE
diagbacter_ptb_hivpos_m0_14,HIV Positive for Bact. PTB M 0-14,Open ended,,Numeric,Applies to Clinical facilities ,TRUE,FALSE,FALSE,FALSE
diagbacter_ptb_hivpos_f0_14,HIV Positive for Bact. PTB F 0-14,Open ended,,Numeric,Applies to Clinical facilities ,TRUE,FALSE,FALSE,FALSE
diagbacter_ptb_hivpos_m15_plus,HIV Positive for Bact. PTB M 15+,Open ended,,Numeric,Applies to Clinical facilities ,TRUE,FALSE,FALSE,FALSE
diagbacter_ptb_hivpos_f15_plus,HIV Positive for Bact. PTB F 15+,Open ended,,Numeric,Applies to Clinical facilities ,TRUE,FALSE,FALSE,FALSE
diagbacter_ptb_hivpos_total,Total  HIV Positive for Bacteriologically Diagnosed PTB,Open ended,,Numeric,Applies to Clinical facilities ,TRUE,FALSE,FALSE,FALSE
diagbacter_ptb_hivneg_m0_14,HIV Negative for Bact. PTB M 0-14,Open ended,,Numeric,Applies to Clinical facilities ,TRUE,FALSE,FALSE,FALSE
diagbacter_ptb_hivneg_f0_14,HIV Negative for Bact. PTB F 0-14,Open ended,,Numeric,Applies to Clinical facilities ,TRUE,FALSE,FALSE,FALSE
diagbacter_ptb_hivneg_m15_plus,HIV Negative for Bact. PTB M 15+,Open ended,,Numeric,Applies to Clinical facilities ,TRUE,FALSE,FALSE,FALSE
diagbacter_ptb_hivneg_f15_plus,HIV Negative for Bact. PTB F 15+,Open ended,,Numeric,Applies to Clinical facilities ,TRUE,FALSE,FALSE,FALSE
diagbacter_ptb_hivneg_total,Total  HIV Negative for Bacteriologically Diagnosed PTB,Open ended,,Numeric,Applies to Clinical facilities ,TRUE,FALSE,FALSE,FALSE
diagbacter_ptb_hivdk_m0_14,HIV Unknown for Bact. PTB M 0-14,Open ended,,Numeric,Applies to Clinical facilities ,TRUE,FALSE,FALSE,FALSE
diagbacter_ptb_hivdk_f0_14,HIV Unknown for Bact. PTB F 0-14,Open ended,,Numeric,Applies to Clinical facilities ,TRUE,FALSE,FALSE,FALSE
diagbacter_ptb_hivdk_m15_plus,HIV Unknown for Bact. PTB M 15+,Open ended,,Numeric,Applies to Clinical facilities ,TRUE,FALSE,FALSE,FALSE
diagbacter_ptb_hivdk_f15_plus,HIV Unknown for Bact. PTB F 15+,Open ended,,Numeric,Applies to Clinical facilities ,TRUE,FALSE,FALSE,FALSE
diagbacter_ptb_hivdk_total,Total  HIV Unknowm for Bacteriologically Diagnosed PTB,Open ended,,Numeric,Applies to Clinical facilities ,TRUE,FALSE,FALSE,FALSE
diagbacter_eptb_hivpos_m0_14,HIV Positive for Bact. EPTB M 0-14,Open ended,,Numeric,Applies to Clinical facilities ,TRUE,FALSE,FALSE,FALSE
diagbacter_eptb_hivpos_f0_14,HIV Positive for Bact. EPTB F 0-14,Open ended,,Numeric,Applies to Clinical facilities ,TRUE,FALSE,FALSE,FALSE
diagbacter_eptb_hivpos_m15_plus,HIV Positive for Bact. EPTB M 15+,Open ended,,Numeric,Applies to Clinical facilities ,TRUE,FALSE,FALSE,FALSE
diagbacter_eptb_hivpos_f15_plus,HIV Positive for Bact. EPTB F 15+,Open ended,,Numeric,Applies to Clinical facilities ,TRUE,FALSE,FALSE,FALSE
diagbacter_eptb_hivpos_total,Total  HIV Positive for Bacteriologically Diagnosed EPTB,Open ended,,Numeric,Applies to Clinical facilities ,TRUE,FALSE,FALSE,FALSE
diagbacter_eptb_hivneg_m0_14,HIV Negative for Bact. EPTB M 0-14,Open ended,,Numeric,Applies to Clinical facilities ,TRUE,FALSE,FALSE,FALSE
diagbacter_eptb_hivneg_f0_14,HIV Negative for Bact. EPTB F 0-14,Open ended,,Numeric,Applies to Clinical facilities ,TRUE,FALSE,FALSE,FALSE
diagbacter_eptb_hivneg_m15_plus,HIV Negative for Bact. EPTB M 15+,Open ended,,Numeric,Applies to Clinical facilities ,TRUE,FALSE,FALSE,FALSE
diagbacter_eptb_hivneg_f15_plus,HIV Negative for Bact. EPTB F 15+,Open ended,,Numeric,Applies to Clinical facilities ,TRUE,FALSE,FALSE,FALSE
diagbacter_eptb_hivneg_total,Total  HIV Negative for Bacteriologically Diagnosed EPTB,Open ended,,Numeric,Applies to Clinical facilities ,TRUE,FALSE,FALSE,FALSE
diagbacter_eptb_hivdk_m0_14,HIV Unknown for Bact. EPTB M 0-14,Open ended,,Numeric,Applies to Clinical facilities ,TRUE,FALSE,FALSE,FALSE
diagbacter_eptb_hivdk_f0_14,HIV Unknown for Bact. EPTB F 0-14,Open ended,,Numeric,Applies to Clinical facilities ,TRUE,FALSE,FALSE,FALSE
diagbacter_eptb_hivdk_m15_plus,HIV Unknown for Bact. EPTB M 15+,Open ended,,Numeric,Applies to Clinical facilities ,TRUE,FALSE,FALSE,FALSE
diagbacter_eptb_hivdk_f15_plus,HIV Unknown for Bact. EPTB F 15+,Open ended,,Numeric,Applies to Clinical facilities ,TRUE,FALSE,FALSE,FALSE
diagbacter_eptb_hivdk_total,Total  HIV Unknowm for Bacteriologically Diagnosed EPTB,Open ended,,Numeric,Applies to Clinical facilities ,TRUE,FALSE,FALSE,FALSE
diagclinic_ptb_hivpos_m0_14,HIV Positive for Clinic. PTB M 0-14,Open ended,,Numeric,Applies to Clinical facilities ,TRUE,FALSE,FALSE,FALSE
diagclinic_ptb_hivpos_f0_14,HIV Positive for Clinic. PTB F 0-14,Open ended,,Numeric,Applies to Clinical facilities ,TRUE,FALSE,FALSE,FALSE
diagclinic_ptb_hivpos_m15_plus,HIV Positive forClinic. PTB M 15+,Open ended,,Numeric,Applies to Clinical facilities ,TRUE,FALSE,FALSE,FALSE
diagclinic_ptb_hivpos_f15_plus,HIV Positive for Clinic. PTB F 15+,Open ended,,Numeric,Applies to Clinical facilities ,TRUE,FALSE,FALSE,FALSE
diagclinic_ptb_hivpos_total,Total  HIV Positive for Clinically Diagnosed PTB,Open ended,,Numeric,Applies to Clinical facilities ,TRUE,FALSE,FALSE,FALSE
diagclinic_ptb_hivneg_m0_14,HIV Negative for Clinc. PTB M 0-14,Open ended,,Numeric,Applies to Clinical facilities ,TRUE,FALSE,FALSE,FALSE
diagclinic_ptb_hivneg_f0_14,HIV Negative for Clinic. PTB F 0-14,Open ended,,Numeric,Applies to Clinical facilities ,TRUE,FALSE,FALSE,FALSE
diagclinic_ptb_hivneg_m15_plus,HIV Negative for Clinic. PTB M 15+,Open ended,,Numeric,Applies to Clinical facilities ,TRUE,FALSE,FALSE,FALSE
diagclinic_ptb_hivneg_f15_plus,HIV Negative for Clinic. PTB F 15+,Open ended,,Numeric,Applies to Clinical facilities ,TRUE,FALSE,FALSE,FALSE
diagclinic_ptb_hivneg_total,Total  HIV Negative for Clinically Diagnosed PTB,Open ended,,Numeric,Applies to Clinical facilities ,TRUE,FALSE,FALSE,FALSE
diagclinic_ptb_hivdk_m0_14,HIV Unknown for Clinic. PTB M 0-14,Open ended,,Numeric,Applies to Clinical facilities ,TRUE,FALSE,FALSE,FALSE
diagclinic_ptb_hivdk_f0_14,HIV Unknown for Clinic. PTB F 0-14,Open ended,,Numeric,Applies to Clinical facilities ,TRUE,FALSE,FALSE,FALSE
diagclinic_ptb_hivdk_m15_plus,HIV Unknown for Clinic. PTB M 15+,Open ended,,Numeric,Applies to Clinical facilities ,TRUE,FALSE,FALSE,FALSE
diagclinic_ptb_hivdk_f15_plus,HIV Unknown for Clinic. PTB F 15+,Open ended,,Numeric,Applies to Clinical facilities ,TRUE,FALSE,FALSE,FALSE
diagclinic_ptb_hivdk_total,Total  HIV Unknown for Clinically Diagnosed PTB,Open ended,,Numeric,Applies to Clinical facilities ,TRUE,FALSE,FALSE,FALSE
diagclinic_eptb_hivpos_m0_14,HIV Positive for Clinic. EPTB M 0-14,Open ended,,Numeric,Applies to Clinical facilities ,TRUE,FALSE,FALSE,FALSE
diagclinic_eptb_hivpos_f0_14,HIV Positive for Clinic. EPTB F 0-14,Open ended,,Numeric,Applies to Clinical facilities ,TRUE,FALSE,FALSE,FALSE
diagclinic_eptb_hivpos_m15_plus,HIV Positive for Clinic. EPTB M 15+,Open ended,,Numeric,Applies to Clinical facilities ,TRUE,FALSE,FALSE,FALSE
diagclinic_eptb_hivpos_f15_plus,HIV Positive for Clinic. EPTB F 15+,Open ended,,Numeric,Applies to Clinical facilities ,TRUE,FALSE,FALSE,FALSE
diagclinic_eptb_hivpos_total,Total  HIV Positive for Clinically Diagnosed EPTB,Open ended,,Numeric,Applies to Clinical facilities ,TRUE,FALSE,FALSE,FALSE
diagclinic_eptb_hivneg_m0_14,HIV Negative for Clinc. EPTB M 0-14,Open ended,,Numeric,Applies to Clinical facilities ,TRUE,FALSE,FALSE,FALSE
diagclinic_eptb_hivneg_f0_14,HIV Negative for Clinic. EPTB F 0-14,Open ended,,Numeric,Applies to Clinical facilities ,TRUE,FALSE,FALSE,FALSE
diagclinic_eptb_hivneg_m15_plus,HIV Negative for Clinic. EPTB M 15+,Open ended,,Numeric,Applies to Clinical facilities ,TRUE,FALSE,FALSE,FALSE
diagclinic_eptb_hivneg_f15_plus,HIV Negative for Clinic. EPTB F 15+,Open ended,,Numeric,Applies to Clinical facilities ,TRUE,FALSE,FALSE,FALSE
diagclinic_eptb_hivneg_total,Total  HIV Negative for Clinically Diagnosed EPTB,Open ended,,Numeric,Applies to Clinical facilities ,TRUE,FALSE,FALSE,FALSE
diagclinic_eptb_hivdk_m0_14,HIV Unknown for Clinic. EPTB M 0-14,Open ended,,Numeric,Applies to Clinical facilities ,TRUE,FALSE,FALSE,FALSE
diagclinic_eptb_hivdk_f0_14,HIV Unknown for Clinic. EPTB F 0-14,Open ended,,Numeric,Applies to Clinical facilities ,TRUE,FALSE,FALSE,FALSE
diagclinic_eptb_hivdk_m15_plus,HIV Unknown for Clinic. EPTB M 15+,Open ended,,Numeric,Applies to Clinical facilities ,TRUE,FALSE,FALSE,FALSE
diagclinic_eptb_hivdk_f15_plus,HIV Unknown for Clinic. EPTB F 15+,Open ended,,Numeric,Applies to Clinical facilities ,TRUE,FALSE,FALSE,FALSE
diagclinic_eptb_hivdk_total,Total  HIV Unknown for Clinically Diagnosed EPTB,Open ended,,Numeric,Applies to Clinical facilities ,TRUE,FALSE,FALSE,FALSE
notif_hiv_total,17. Grand Total of HIV Statuses of Cases Notified,Open ended,,Numeric,Applies to Clinical facilities ,TRUE,FALSE,FALSE,FALSE
contactscreen_index_m0_14,Index Cases whose Contacts were Screened M 0-14,Open ended,,Numeric,Applies to Clinical facilities ,TRUE,FALSE,FALSE,FALSE
contactscreen_index_f0_14,Index Cases whose Contacts were Screened F 0-14,Open ended,,Numeric,Applies to Clinical facilities ,TRUE,FALSE,FALSE,FALSE
contactscreen_index_m15_plus,Index Cases whose Contacts were Screened M 15+,Open ended,,Numeric,Applies to Clinical facilities ,TRUE,FALSE,FALSE,FALSE
contactscreen_index_f15_plus,Index Cases whose Contacts were Screened F 15+,Open ended,,Numeric,Applies to Clinical facilities ,TRUE,FALSE,FALSE,FALSE
contactscreen_index_total,18a. Grand Total of Index Cases whose Contacts were Screened ,Open ended,,Numeric,Applies to Clinical facilities ,TRUE,FALSE,FALSE,FALSE
contactscreen_household_m0_14,Household Contacts Screened M 0-14,Open ended,,Numeric,Applies to Clinical facilities ,TRUE,FALSE,FALSE,FALSE
contactscreen_household_f0_14,Household Contacts Screened F 0-14,Open ended,,Numeric,Applies to Clinical facilities ,TRUE,FALSE,FALSE,FALSE
contactscrn_household_m15_plus,Household Contacts Screened M 15+,Open ended,,Numeric,Applies to Clinical facilities ,TRUE,FALSE,FALSE,FALSE
contactscrn_household_f15_plus,Household Contacts Screened F 15+,Open ended,,Numeric,Applies to Clinical facilities ,TRUE,FALSE,FALSE,FALSE
contactscreen_household_total,18b. Grand Total of Household Contacts Screened,Open ended,,Numeric,Applies to Clinical facilities ,TRUE,FALSE,FALSE,FALSE
contactscreen_presumptive_m0_14,Presumptives Identified M 0-14,Open ended,,Numeric,Applies to Clinical facilities ,TRUE,FALSE,FALSE,FALSE
contactscreen_presumptive_f0_14,Presumptive Identified F 0-14,Open ended,,Numeric,Applies to Clinical facilities ,TRUE,FALSE,FALSE,FALSE
contactscrn_presumptive_m15_pl,Presumptives Identified M 15+,Open ended,,Numeric,Applies to Clinical facilities ,TRUE,FALSE,FALSE,FALSE
contactscrn_presumptive_f15_pl,Presumptive Identified F 15+,Open ended,,Numeric,Applies to Clinical facilities ,TRUE,FALSE,FALSE,FALSE
contactscreen_presumptive_total,18c. Grand Total of Presumptive Identified,Open ended,,Numeric,Applies to Clinical facilities ,TRUE,FALSE,FALSE,FALSE
contactscreen_tested_m0_14,Presumptive Tested M 0-14,Open ended,,Numeric,Applies to Clinical facilities ,TRUE,FALSE,FALSE,FALSE
contactscreen_tested_f0_14,Presumptive Tested F 0-14,Open ended,,Numeric,Applies to Clinical facilities ,TRUE,FALSE,FALSE,FALSE
contactscreen_tested_m15_plus,Presumptive Tested M 15+,Open ended,,Numeric,Applies to Clinical facilities ,TRUE,FALSE,FALSE,FALSE
contactscreen_tested_f15_plus,Presumptive Tested F 15+,Open ended,,Numeric,Applies to Clinical facilities ,TRUE,FALSE,FALSE,FALSE
contactscreen_tested_total,18d. Grand Total of Presumptive Tested,Open ended,,Numeric,Applies to Clinical facilities ,TRUE,FALSE,FALSE,FALSE
contactscrn_diagnosed_ds_m0_14,DS-TB Cases Diagnosed M 0-14,Open ended,,Numeric,Applies to Clinical facilities ,TRUE,FALSE,FALSE,FALSE
contactscrn_diagnosed_ds_f0_14,DS-TB Cases Diagnosed F 0-14,Open ended,,Numeric,Applies to Clinical facilities ,TRUE,FALSE,FALSE,FALSE
contactscrn_diagnosed_ds_m15_p,DS-TB Cases Diagnosed M 15+,Open ended,,Numeric,Applies to Clinical facilities ,TRUE,FALSE,FALSE,FALSE
contactscrn_diagnosed_ds_f15_p,DS-TB Cases Diagnosed F 15+,Open ended,,Numeric,Applies to Clinical facilities ,TRUE,FALSE,FALSE,FALSE
contactscrn_diagnosed_ds_total,Total DS-TB Cases Diagnosed,Open ended,,Numeric,Applies to Clinical facilities ,TRUE,FALSE,FALSE,FALSE
contactscrn_diagnosed_dr_m0_14,DR-TB Cases Diagnosed M 0-14,Open ended,,Numeric,Applies to Clinical facilities ,TRUE,FALSE,FALSE,FALSE
contactscrn_diagnosed_dr_f0_14,DR-TB Cases Diagnosed F 0-14,Open ended,,Numeric,Applies to Clinical facilities ,TRUE,FALSE,FALSE,FALSE
contactscrn_diagnosed_dr_m15_p,DR-TB Cases Diagnosed M 15+,Open ended,,Numeric,Applies to Clinical facilities ,TRUE,FALSE,FALSE,FALSE
contactscrn_diagnosed_dr_f15_p,DR-TB Cases Diagnosed F 15+,Open ended,,Numeric,Applies to Clinical facilities ,TRUE,FALSE,FALSE,FALSE
contactscrn_diagnosed_dr_total,Total DR-TB Cases Diagnosed,Open ended,,Numeric,Applies to Clinical facilities ,TRUE,FALSE,FALSE,FALSE
contactscreen_diagnosed_total,18e. Grand Total of TB Cases Diagnosed by Contact Tracing,Open ended,,Numeric,Applies to Clinical facilities ,TRUE,FALSE,FALSE,FALSE
contactscreen_ontreat_ds_m0_14,DS-TB Cases on TX M 0-14,Open ended,,Numeric,Applies to Clinical facilities ,TRUE,FALSE,FALSE,FALSE
contactscreen_ontreat_ds_f0_14,DS-TB Cases on TX F 0-14,Open ended,,Numeric,Applies to Clinical facilities ,TRUE,FALSE,FALSE,FALSE
contactscrn_ontreat_ds_m15_plu,DS-TB Cases on TX M 15+,Open ended,,Numeric,Applies to Clinical facilities ,TRUE,FALSE,FALSE,FALSE
contactscrn_ontreat_ds_f15_plu,DS-TB Cases on TX F 15+,Open ended,,Numeric,Applies to Clinical facilities ,TRUE,FALSE,FALSE,FALSE
contactscreen_ontreat_ds_total,Total DS-TB Cases on Treatment,Open ended,,Numeric,Applies to Clinical facilities ,TRUE,FALSE,FALSE,FALSE
contactscreen_ontreat_dr_m0_14,DR-TB Cases on TX M 0-14,Open ended,,Numeric,Applies to Clinical facilities ,TRUE,FALSE,FALSE,FALSE
contactscreen_ontreat_dr_f0_14,DR-TB Cases on TX F 0-14,Open ended,,Numeric,Applies to Clinical facilities ,TRUE,FALSE,FALSE,FALSE
contactscrn_ontreat_dr_m15_plu,DR-TB Cases on TX M 15+,Open ended,,Numeric,Applies to Clinical facilities ,TRUE,FALSE,FALSE,FALSE
contactscrn_ontreat_dr_f15_plu,DR-TB Cases on TX F 15+,Open ended,,Numeric,Applies to Clinical facilities ,TRUE,FALSE,FALSE,FALSE
contactscreen_ontreat_dr_total,Total DR-TB Cases on Treatment,Open ended,,Numeric,Applies to Clinical facilities ,TRUE,FALSE,FALSE,FALSE
contactscreen_starttrt_total,18f. Grand Total Contacts who Started TX,Open ended,,Numeric,Applies to Clinical facilities ,TRUE,FALSE,FALSE,FALSE
contactscreen_eligibletpt_m0_14,Contacts Eligible for TPT M 0-14,Open ended,,Numeric,Applies to Clinical facilities ,TRUE,FALSE,FALSE,FALSE
contactscreen_eligibletpt_f0_14,Contacts Eligible for TPT F 0-14,Open ended,,Numeric,Applies to Clinical facilities ,TRUE,FALSE,FALSE,FALSE
contactscrn_eligibletpt_m15_pl,Contacts Eligible for TPT M 15+,Open ended,,Numeric,Applies to Clinical facilities ,TRUE,FALSE,FALSE,FALSE
contactscrn_eligibletpt_f15_pl,Contacts Eligible for TPT F 15+,Open ended,,Numeric,Applies to Clinical facilities ,TRUE,FALSE,FALSE,FALSE
contactscreen_eligibletpt_total,18g. Total Contacts Eligible for TPT,Open ended,,Numeric,Applies to Clinical facilities ,TRUE,FALSE,FALSE,FALSE
contactscreen_starttpt_m0_14,Contacts Started on TPT M 0-14,Open ended,,Numeric,Applies to Clinical facilities ,TRUE,FALSE,FALSE,FALSE
contactscreen_starttpt_f0_14,Contacts Started on TPT F 0-14,Open ended,,Numeric,Applies to Clinical facilities ,TRUE,FALSE,FALSE,FALSE
contactscreen_starttpt_m15_plus,Contacts Started on TPT M 15+,Open ended,,Numeric,Applies to Clinical facilities ,TRUE,FALSE,FALSE,FALSE
contactscreen_starttpt_f15_plus,Contacts Started on TPT F 15+,Open ended,,Numeric,Applies to Clinical facilities ,TRUE,FALSE,FALSE,FALSE
contactscreen_starttpt_total,18i. Total Contacts who Started TPT,Open ended,,Numeric,Applies to Clinical facilities ,TRUE,FALSE,FALSE,FALSE
contactscrn_eligibletpt_m6_und,Under 6 Eligible for TPT M 0-14,Open ended,,Numeric,Applies to Clinical facilities ,TRUE,FALSE,FALSE,FALSE
contactscrn_eligibletpt_f6_und,Under 6 Eligible for TPT F 0-14,Open ended,,Numeric,Applies to Clinical facilities ,TRUE,FALSE,FALSE,FALSE
contactscrn_eligibletpt_6_unde,18j. Total Under 6 Eligible for TPT,Open ended,,Numeric,Applies to Clinical facilities ,TRUE,FALSE,FALSE,FALSE
contactscreen_starttpt_m6_under,Under 6 Placed on TPT M 0-14,Open ended,,Numeric,Applies to Clinical facilities ,TRUE,FALSE,FALSE,FALSE
contactscreen_starttpt_f6_under,Under 6 Placed on TPT F 0-14,Open ended,,Numeric,Applies to Clinical facilities ,TRUE,FALSE,FALSE,FALSE
contactscreen_starttpt_6_under,18j. Total Under 6 Placed on TPT,Open ended,,Numeric,Applies to Clinical facilities ,TRUE,FALSE,FALSE,FALSE
ontreat_ds_m0_14,DS-TB Cases Currently on TX M 0-14,Open ended,,Numeric,Applies to Clinical facilities ,TRUE,FALSE,FALSE,FALSE
ontreat_ds_f0_14,DS-TB Cases Currently on TX F 0-14,Open ended,,Numeric,Applies to Clinical facilities ,TRUE,FALSE,FALSE,FALSE
ontreat_ds_m15_plus,DS-TB Cases Currently on TX M 15+,Open ended,,Numeric,Applies to Clinical facilities ,TRUE,FALSE,FALSE,FALSE
ontreat_ds_f15_plus,DS-TB Cases Currently on TX F 15+,Open ended,,Numeric,Applies to Clinical facilities ,TRUE,FALSE,FALSE,FALSE
ontreat_ds_total,19. Grand Total of DS-TB Cases Currently on Treatment,Open ended,,Numeric,Applies to Clinical facilities ,TRUE,FALSE,FALSE,FALSE
start,Time of start of data collection,Open ended,,String,,,,,
end,Time completing data collection,Open ended,,String,,,,,
today,Date of data collection,Open ended,,String,,,,,
username,Code for data collector,Open ended,,String,,,,,
selected_month,Month,Open ended,,String,,,,,
facility_open_accept_clients,,,,Numeric,,,,,
,,No,0,,,,,,
,,Yes,1,,,,,,
no_of_days_facility_opens,"In a typical week, how many days is the facility open and operating? ",Open ended,,Numeric,,,,,
no_hours_facility_opens_per_day,"In a typical week, how many hours per day is this facility open? ",Open ended,,Numeric,,,,,
facility_closed_shutdown,,,,Numeric,,,,,
,,No,0,,,,,,
,,Yes,1,,,,,,
no_of_closure_times,How Many?,Open ended,,Numeric,,,,,
close_date1,Date of first closing,Open ended,,String,,,,,
open_date1,Date of re-opening after first closing,Open ended,,String,,,,,
close_date2,Date of second closing,Open ended,,String,,,,,
open_date2,Date of re-opening after second closing,Open ended,,String,,,,,
close_date3,Date of third closing,Open ended,,String,,,,,
open_date3,Date of re-opening after third closing,Open ended,,String,,,,,
close_date4,Date of fourth closing,Open ended,,String,,,,,
open_date4,Date of re-opening after fourth closing,Open ended,,String,,,,,
close_date5,Date of fifth closing,Open ended,,String,,,,,
open_date5,Date of re-opening after fifth closing,Open ended,,String,,,,,
close_date6,Date of sixth closing,Open ended,,String,,,,,
open_date6,Date of re-opening after sixth closing,Open ended,,String,,,,,
close_date7,Date of seventh closing,Open ended,,String,,,,,
open_date7,Date of re-opening after seventh closing,Open ended,,String,,,,,
close_date8,Date of eigth closing,Open ended,,Numeric,,,,,
open_date8,Date of re-opening after eigth closing,Open ended,,Numeric,,,,,
close_date9,Date of ninth closing,Open ended,,Numeric,,,,,
open_date9,Date of re-opening after ninth closing,Open ended,,Numeric,,,,,
close_date10,Date of tenth closing,Open ended,,Numeric,,,,,
open_date10,Date of re-opening after tenth closing,Open ended,,Numeric,,,,,
facility_incrmnt_fees_due_ppe,,,,Numeric,,,,,
,,No,0,,,,,,
,,Yes,1,,,,,,
ppe_cost_bearing,In what ways has this facility passed PPE costs on clients/patients?,Open ended,,String,,,,,
ppe_cost_bearingadd_separate_pp,A. Adding a separate PPE fee on each client/patients bill ,Open ended,,Numeric,,,,,
ppe_cost_bearingincrease_in_con,B. Increasing consultation fees (for individual consultation fee),Open ended,,Numeric,,,,,
ppe_cost_bearingincrease_in_reg,C. Increasing registration/card fees (for individual registration),Open ended,,Numeric,,,,,
ppe_cost_bearingincrease_in_lab,"D. Increasing prices of labs, medicines, or other products sold",Open ended,,Numeric,,,,,
ppe_cost_bearingincrease_mentio,E. Other (specify),Open ended,,Numeric,,,,,
other_ppe_cost_bearing,Other: Specific,Open ended,,String,,,,,
addseparateppefee_onbill_type,A. Adding a separate PPE fee on each client/patients bill ,Open ended,,String,,,,,
addseparateppefee_onbill_amt,A. Adding a separate PPE fee on each client/patients bill amount,Open ended,,Numeric,,,,,
increaseconsultationfees_type,B. Increasing consultation fees (for individual consultation fee),Open ended,,String,,,,,
increaseconsultationfees_amt,B. Increasing consultation fees (for individual consultation fee) amount,Open ended,,Numeric,,,,,
increaseregistrationfees_type,C. Increasing registration/card fees (for individual registration),Open ended,,String,,,,,
increaseregistrationfees_amt,C. Increasing registration/card fees (for individual registration) amount,Open ended,,Numeric,,,,,
increaselabsmed_type,"D. Increasing prices of labs, medicines, or other products sold",Open ended,,String,,,,,
increaselabsmed_amt,"D. Increasing prices of labs, medicines, or other products sold amount",Open ended,,Numeric,,,,,
increasementionedothers_type,E. Other (specify),Open ended,,String,,,,,
increasementionedothers_amt,E. Other: specific,Open ended,,Numeric,,,,,
registration_req_screen,,,,Numeric,,,,,
,,No,0,,,,,,
,,Yes,1,,,,,,
registration_reqd_prior_tb_test,,,,Numeric,,,,,
,,No,0,,,,,,
,,Yes,1,,,,,,
cost_of_registration,amount of registration fee,Open ended,,Numeric,,,,,
cost_of_consultation_prior_diag,amount of consultation fee prior to diagnosis,Open ended,,Numeric,,,,,
costcategory_beforediagnosis_1,Patient costs for consultation (before diagnosis) type A,Open ended,,String,,,,,
costamount_beforediagnosis_1,Patient costs for consultation (before diagnosis) amount A,Open ended,,Numeric,,,,,
costcategory_beforediagnosis_2,Patient costs for consultation (before diagnosis) type B,Open ended,,String,,,,,
costamount_beforediagnosis_2,Patient costs for consultation (before diagnosis) amount B,Open ended,,Numeric,,,,,
costcategory_beforediagnosis_3,Patient costs for consultation (before diagnosis) type C,Open ended,,String,,,,,
costamount_beforediagnosis_3,Patient costs for consultation (before diagnosis) amount C,Open ended,,Numeric,,,,,
cost_beforediagnosis_notes,Patient costs for consultation (before diagnosis) notes,Open ended,,String,,,,,
facility_offer_sputum_testing,,,,Numeric,,,,,
,,No,0,,,,,,
,,Yes,1,,,,,,
cost_of_sptum_afb_test,What is the patient cost for a sputum AFB test in this facility?,Open ended,,Numeric,,,,,
sputumtest_notes,Sputum costs notes,Open ended,,String,,,,,
facil_offer_genexpert_testing,Does this facility collect sputum samples from clients for GeneXpert testing?,Open ended,,String,,,,,
cost_of_gene_xpert_test,What is the patient cost for a GeneXpert test in this facility?,Open ended,,Numeric,,,,,
geneexpert_notes,GeneXpert cost notes,Open ended,,String,,,,,
facility_offer_xray_service,,,,Numeric,,,,,
,,No,0,,,,,,
,,Yes,1,,,,,,
cost_of_xray_test,What is the patient cost for a chest X-ray in this facility?,Open ended,,Numeric,,,,,
cxr_notes,X-ray costs notes,Open ended,,String,,,,,
treatment_amount,Patient costs for treatment,Open ended,,Numeric,,,,,
treatment_notes,Patient costs for treatment,Open ended,,String,,,,,
facility_offer_hiv_testing,,,,Numeric,,,,,
,,No,0,,,,,,
,,Yes,1,,,,,,
cost_of_hiv_test,Patient cost for an HIV test for presumptive or confirmed TB patients?,Open ended,,Numeric,,,,,
hivtest_notes,HIV test notes,Open ended,,String,,,,,
cost_tb_drugs_for_6mo_trt,Patient cost for TB drugs for 6 months of DS-TB treatment? ,Open ended,,Numeric,,,,,
cost_tb_consultations_for_6mo,Patient cost for consultations during 6 month DS-TB treatment? ,Open ended,,Numeric,,,,,
cost_tb_followup_tests_for_6mo,Patient cost for AFB microscopy followup tests during 6 month DS-TB treatment? ,Open ended,,Numeric,,,,,
other_cost_incur_by_tb_patients,,,,Numeric,,,,,
,,No,0,,,,,,
,,Yes,1,,,,,,
othercost_tbpatient_description,"If yes, write a description of these costs.",Open ended,,String,,,,,
othercost_tbpatients_amount,Approximate value (in NGN) of these additional costs for TB treatment?,Open ended,,Numeric,,,,,
costcategory_treatment_1,Patient costs for follow-up tests and consultations during treatment type A,Open ended,,String,,,,,
costamount_treatment_1,Patient costs for follow-up tests and consultations during treatment amount A,Open ended,,Numeric,,,,,
costcategory_treatment_2,Patient costs for follow-up tests and consultations during treatment type B,Open ended,,String,,,,,
costamount_treatment_2,Patient costs for follow-up tests and consultations during treatment amount B,Open ended,,Numeric,,,,,
costcategory_treatment_3,Patient costs for follow-up tests and consultations during treatment type C,Open ended,,String,,,,,
costamount_treatment_3,Patient costs for follow-up tests and consultations during treatment amount C,Open ended,,Numeric,,,,,
cost_treatment_notes,Patient costs for follow-up tests and consultations during treatment notes,Open ended,,String,,,,,
discounts_available,,,,Numeric,,,,,
,,No,0,,,,,,
,,Yes,1,,,,,,
discounts_amount,"If discounts are available, how much are they?",Open ended,,Numeric,,,,,
discounts_notes,Notes on discounts,Open ended,,String,,,,,
COVID_impact_on_tb_service,Ways COVID 19 impacted TB service delivery and/or TB patients?,Open ended,,String,,,,,
telemedicine_service,,,,Numeric,,,,,
,,No,0,,,,,,
,,Yes,1,,,,,,
telecmedicine_service_cost,"If telemedicine is offered, what do patients pay for a telemedicine session? ",Open ended,,Numeric,,,,,
telecmedicine_new_existing_clt,"Is telemedicine available to new, walk-in clients?",Open ended,,String,,,,,
telemedicine_for_tb_service,,,,Numeric,,,,,
,,No,0,,,,,,
,,Yes,1,,,,,,
telemedicine_for_tb_screening,,,,Numeric,,,,,
,,No,0,,,,,,
,,Yes,1,,,,,,
no_tb_presumptive_using_telem,Approx how many presumptive TB pts id via telemedicine since 1 March 2020?,Open ended,,Numeric,,,,,
no_tb_presumptive_tested_telem,How many presumptive pts id via telemedicine diagnosed TB/tested positive?,Open ended,,Numeric,,,,,
tb_diagnosedcounsel_using_telem,,,,Numeric,,,,,
,,No,0,,,,,,
,,Yes,1,,,,,,
no_tb_diagnoscouns_using_telem,"If yes, approx how many newly diag'd TB pts counseled via telemed since 1 March?",Open ended,,Numeric,,,,,
tb_trtmonitoring_using_telem,,,,Numeric,,,,,
,,No,0,,,,,,
,,Yes,1,,,,,,
no_tb_trtmonitoring_using_telem,"If yes, approx how many TB pts monitored via telemedicine since 1 March 2020?",Open ended,,Numeric,,,,,
