var_name,CF,CP,L,P,CF_any,CP_any,L_any,P_any
q_recd_cat1kit,9216,0,0,0,TRUE,FALSE,FALSE,FALSE
phys_inv_cat1kit,27177,0,0,0,TRUE,FALSE,FALSE,FALSE
q_recd_inh,79843,0,0,0,TRUE,FALSE,FALSE,FALSE
phys_inv_inh,1381728,0,0,0,TRUE,FALSE,FALSE,FALSE
q_recd_rhz_paed,5675,0,0,0,TRUE,FALSE,FALSE,FALSE
phys_inv_rhz_paed,13951.5,0,0,0,TRUE,FALSE,FALSE,FALSE
q_recd_rh_paed,9784,0,0,0,TRUE,FALSE,FALSE,FALSE
phys_inv_rh_paed,27813,0,0,0,TRUE,FALSE,FALSE,FALSE
q_recd_eth_paed,19924,0,0,0,TRUE,FALSE,FALSE,FALSE
phys_inv_eth_paed,55543,0,0,0,TRUE,FALSE,FALSE,FALSE
q_recd_minikits,426,0,1226,0,TRUE,FALSE,TRUE,FALSE
phys_inv_minikits,256,0,0,0,TRUE,FALSE,FALSE,FALSE
lab_walkins,224,0,137334,0,TRUE,FALSE,TRUE,FALSE
ss_sent_xpert,20,0,3366,0,TRUE,FALSE,TRUE,FALSE
attendance_m0_14,362108,11090,33760,177685,TRUE,TRUE,TRUE,TRUE
attendance_f0_14,434640,14290,41936,159432,TRUE,TRUE,TRUE,TRUE
attendance_m15_plus,1216331,52577,183292,431382,TRUE,TRUE,TRUE,TRUE
attendance_f15_plus,1769840,100082,279198,365546,TRUE,TRUE,TRUE,TRUE
attendance_total,3782919,178039,538186,1134045,TRUE,TRUE,TRUE,TRUE
screened_m0_14,175464,15486,10042,204443,TRUE,TRUE,TRUE,TRUE
screened_f0_14,201961,17352,11310,185014,TRUE,TRUE,TRUE,TRUE
screened_m15_plus,663342,47529,76268,472666,TRUE,TRUE,TRUE,TRUE
screened_f15_plus,949725,54519,108177,388577,TRUE,TRUE,TRUE,TRUE
screened_total,1990492,134886,205797,1250700,TRUE,TRUE,TRUE,TRUE
presumptives_m0_14,0,334,0,10101,FALSE,TRUE,FALSE,TRUE
presumptives_f0_14,0,259,0,7993,FALSE,TRUE,FALSE,TRUE
presumptives_m15_plus,0,2319,0,39201,FALSE,TRUE,FALSE,TRUE
presumptives_f15_plus,0,1828,0,29498,FALSE,TRUE,FALSE,TRUE
presumptives_m,0,2,0,8,FALSE,TRUE,FALSE,TRUE
presumptives_f,0,1,0,4,FALSE,TRUE,FALSE,TRUE
presumptives_total,145109,4740,18434,86799,TRUE,TRUE,TRUE,TRUE
presumptives_ds_m0_14,11267,0,746,0,TRUE,FALSE,TRUE,FALSE
presumptives_ds_f0_14,10236,0,651,0,TRUE,FALSE,TRUE,FALSE
presumptives_ds_m15_plus,61934,0,8268,0,TRUE,FALSE,TRUE,FALSE
presumptives_ds_f15_plus,61493,0,8734,0,TRUE,FALSE,TRUE,FALSE
presumptives_ds_m,37631,0,58,0,TRUE,FALSE,TRUE,FALSE
presumptives_ds_f,35276,0,49,0,TRUE,FALSE,TRUE,FALSE
presumptives_ds_total,144930,0,18399,0,TRUE,FALSE,TRUE,FALSE
presumptives_dr_m0_14,7,0,1,0,TRUE,FALSE,TRUE,FALSE
presumptives_dr_f0_14,5,0,2,0,TRUE,FALSE,TRUE,FALSE
presumptives_dr_m15_plus,97,0,16,0,TRUE,FALSE,TRUE,FALSE
presumptives_dr_f15_plus,70,0,16,0,TRUE,FALSE,TRUE,FALSE
presumptives_dr_m,15,0,0,0,TRUE,FALSE,FALSE,FALSE
presumptives_dr_f,9,0,0,0,TRUE,FALSE,FALSE,FALSE
presumptives_dr_total,179,0,35,0,TRUE,FALSE,TRUE,FALSE
presumptives_hivpos_m0_14,22,0,1,0,TRUE,FALSE,TRUE,FALSE
presumptives_hivpos_f0_14,24,0,2,0,TRUE,FALSE,TRUE,FALSE
presumptives_hivpos_m15_plus,507,0,60,0,TRUE,FALSE,TRUE,FALSE
presumptives_hivpos_f15_plus,692,0,63,0,TRUE,FALSE,TRUE,FALSE
presumptives_hivpos_m,113,0,5,0,TRUE,FALSE,TRUE,FALSE
presumptives_hivpos_f,140,0,3,0,TRUE,FALSE,TRUE,FALSE
presumptives_hivpos_total,1245,0,126,0,TRUE,FALSE,TRUE,FALSE
presumptives_hivneg_m0_14,2282,0,200,0,TRUE,FALSE,TRUE,FALSE
presumptives_hivneg_f0_14,2109,0,93,0,TRUE,FALSE,TRUE,FALSE
presumptives_hivneg_m15_plus,17712,0,1569,0,TRUE,FALSE,TRUE,FALSE
presumptives_hivneg_f15_plus,17020,0,1856,0,TRUE,FALSE,TRUE,FALSE
presumptives_hivneg_m,7811,0,32,0,TRUE,FALSE,TRUE,FALSE
presumptives_hivneg_f,7593,0,33,0,TRUE,FALSE,TRUE,FALSE
presumptives_hivneg_total,39123,0,3718,0,TRUE,FALSE,TRUE,FALSE
presumptives_hivdk_m0_14,8887,0,531,0,TRUE,FALSE,TRUE,FALSE
presumptives_hivdk_f0_14,8062,0,498,0,TRUE,FALSE,TRUE,FALSE
presumptives_hivdk_m15_plus,43016,0,6523,0,TRUE,FALSE,TRUE,FALSE
presumptives_hivdk_f15_plus,43192,0,6560,0,TRUE,FALSE,TRUE,FALSE
presumptives_hivdk_m,29649,0,21,0,TRUE,FALSE,TRUE,FALSE
presumptives_hivdk_f,27545,0,13,0,TRUE,FALSE,TRUE,FALSE
presumptives_hivdk_total,103156,0,14112,0,TRUE,FALSE,TRUE,FALSE
presumptives_hivtested_total,143524,0,17956,0,TRUE,FALSE,TRUE,FALSE
hivpos_refforcare_m0_14,12,0,0,0,TRUE,FALSE,FALSE,FALSE
hivpos_refforcare_f0_14,29,0,0,0,TRUE,FALSE,FALSE,FALSE
hivpos_refforcare_m15_plus,204,0,0,0,TRUE,FALSE,FALSE,FALSE
hivpos_refforcare_f15_plus,250,0,0,0,TRUE,FALSE,FALSE,FALSE
hivpos_refforcare_total,495,0,0,0,TRUE,FALSE,FALSE,FALSE
examined_xpert_m0_14,3225,27,395,2324,TRUE,TRUE,TRUE,TRUE
examined_xpert_f0_14,3198,25,255,2065,TRUE,TRUE,TRUE,TRUE
examined_xpert_m15_plus,30815,684,3713,14576,TRUE,TRUE,TRUE,TRUE
examined_xpert_f15_plus,31287,591,3803,11152,TRUE,TRUE,TRUE,TRUE
examined_xpert_m,13188,1,25,3,TRUE,TRUE,TRUE,TRUE
examined_xpert_f,10796,0,25,2,TRUE,FALSE,TRUE,TRUE
examined_xpert_total,68525,1327,8166,30117,TRUE,TRUE,TRUE,TRUE
examined_afb_m0_14,5094,182,255,6890,TRUE,TRUE,TRUE,TRUE
examined_afb_f0_14,4356,118,222,4947,TRUE,TRUE,TRUE,TRUE
examined_afb_m15_plus,24224,1139,3727,22811,TRUE,TRUE,TRUE,TRUE
examined_afb_f15_plus,23503,854,3935,16847,TRUE,TRUE,TRUE,TRUE
examined_afb_m,20343,0,35,0,TRUE,FALSE,TRUE,FALSE
examined_afb_f,18511,0,25,0,TRUE,FALSE,TRUE,FALSE
examined_afb_total,57177,2293,8142,51495,TRUE,TRUE,TRUE,TRUE
examined_other_m0_14,2115,18,125,508,TRUE,TRUE,TRUE,TRUE
examined_other_f0_14,2111,19,133,511,TRUE,TRUE,TRUE,TRUE
examined_other_m15_plus,3968,35,227,722,TRUE,TRUE,TRUE,TRUE
examined_other_f15_plus,3287,43,276,586,TRUE,TRUE,TRUE,TRUE
examined_other_m,6,0,0,0,TRUE,FALSE,FALSE,FALSE
examined_other_f,6,0,0,0,TRUE,FALSE,FALSE,FALSE
examined_other_total,11481,115,761,2327,TRUE,TRUE,TRUE,TRUE
examined_total,137092,3735,12723,83939,TRUE,TRUE,TRUE,TRUE
presumptives_sbccminor_m0_14,1198,118,56,5942,TRUE,TRUE,TRUE,TRUE
presumptives_sbccminor_f0_14,1002,63,39,4210,TRUE,TRUE,TRUE,TRUE
presumptives_sbccminor_m15_plus,7441,550,690,17283,TRUE,TRUE,TRUE,TRUE
presumptives_sbccminor_f15_plus,6947,465,648,12260,TRUE,TRUE,TRUE,TRUE
presumptives_sbccminor_total,16588,1196,1433,39695,TRUE,TRUE,TRUE,TRUE
presumptives_sbccmajor_m0_14,925,27,14,843,TRUE,TRUE,TRUE,TRUE
presumptives_sbccmajor_f0_14,859,23,22,684,TRUE,TRUE,TRUE,TRUE
presumptives_sbccmajor_m15_plus,4199,375,129,3754,TRUE,TRUE,TRUE,TRUE
presumptives_sbccmajor_f15_plus,5440,199,155,3632,TRUE,TRUE,TRUE,TRUE
presumptives_sbccmajor_total,11423,624,320,8913,TRUE,TRUE,TRUE,TRUE
presumptives_sbcc_total,28011,1820,1492,48608,TRUE,TRUE,TRUE,TRUE
presumptives_ppmv_m0_14,9793,0,0,0,TRUE,FALSE,FALSE,FALSE
presumptives_ppmv_f0_14,7506,0,0,0,TRUE,FALSE,FALSE,FALSE
presumptives_ppmv_m15_plus,37424,0,0,0,TRUE,FALSE,FALSE,FALSE
presumptives_ppmv_f15_plus,28190,0,0,0,TRUE,FALSE,FALSE,FALSE
presumptives_ppmv_total,82913,0,0,0,TRUE,FALSE,FALSE,FALSE
presumptives_cb_m0_14,220,0,0,0,TRUE,FALSE,FALSE,FALSE
presumptives_cb_f0_14,148,0,0,0,TRUE,FALSE,FALSE,FALSE
presumptives_cb_m15_plus,1606,0,0,0,TRUE,FALSE,FALSE,FALSE
presumptives_cb_f15_plus,1184,0,0,0,TRUE,FALSE,FALSE,FALSE
presumptives_cb_total,3158,0,0,0,TRUE,FALSE,FALSE,FALSE
presumptives_spokes_total,86071,0,0,0,TRUE,FALSE,FALSE,FALSE
diagnosed_xpert_m0_14,52,1,9,28,TRUE,TRUE,TRUE,TRUE
diagnosed_xpert_f0_14,79,1,4,31,TRUE,TRUE,TRUE,TRUE
diagnosed_xpert_m15_plus,2871,86,371,922,TRUE,TRUE,TRUE,TRUE
diagnosed_xpert_f15_plus,1544,37,210,431,TRUE,TRUE,TRUE,TRUE
diagnosed_xpert_m,61,0,4,0,TRUE,FALSE,TRUE,FALSE
diagnosed_xpert_f,42,0,1,0,TRUE,FALSE,TRUE,FALSE
diagnosed_xpert_total,4546,125,594,1412,TRUE,TRUE,TRUE,TRUE
diagnosed_afb_m0_14,77,5,8,111,TRUE,TRUE,TRUE,TRUE
diagnosed_afb_f0_14,56,2,1,63,TRUE,TRUE,TRUE,TRUE
diagnosed_afb_m15_plus,1238,55,224,1010,TRUE,TRUE,TRUE,TRUE
diagnosed_afb_f15_plus,902,22,120,595,TRUE,TRUE,TRUE,TRUE
diagnosed_afb_m,4,0,3,0,TRUE,FALSE,TRUE,FALSE
diagnosed_afb_f,0,0,1,0,FALSE,FALSE,TRUE,FALSE
diagnosed_afb_total,2273,84,353,1779,TRUE,TRUE,TRUE,TRUE
diagnosed_other_m0_14,108,1,3,14,TRUE,TRUE,TRUE,TRUE
diagnosed_other_f0_14,110,0,1,15,TRUE,FALSE,TRUE,TRUE
diagnosed_other_m15_plus,1438,14,35,237,TRUE,TRUE,TRUE,TRUE
diagnosed_other_f15_plus,831,6,38,147,TRUE,TRUE,TRUE,TRUE
diagnosed_other_m,11,0,0,0,TRUE,FALSE,FALSE,FALSE
diagnosed_other_f,12,0,0,0,TRUE,FALSE,FALSE,FALSE
diagnosed_other_total,2487,21,77,413,TRUE,TRUE,TRUE,TRUE
diagnosed_total,9306,230,1024,3604,TRUE,TRUE,TRUE,TRUE
diagnosed_dr_m0_14,4,1,0,3,TRUE,TRUE,FALSE,TRUE
diagnosed_dr_f0_14,2,0,0,1,TRUE,FALSE,FALSE,TRUE
diagnosed_dr_m15_plus,79,2,9,22,TRUE,TRUE,TRUE,TRUE
diagnosed_dr_f15_plus,32,1,7,6,TRUE,TRUE,TRUE,TRUE
diagnosed_dr_m,4,0,0,0,TRUE,FALSE,FALSE,FALSE
diagnosed_dr_f,0,0,0,0,FALSE,FALSE,FALSE,FALSE
diagnosed_dr_total,117,4,16,32,TRUE,TRUE,TRUE,TRUE
diagnosed_sbccminor_m0_14,16,2,4,113,TRUE,TRUE,TRUE,TRUE
diagnosed_sbccminor_f0_14,11,4,1,68,TRUE,TRUE,TRUE,TRUE
diagnosed_sbccminor_m15_plus,508,19,40,1007,TRUE,TRUE,TRUE,TRUE
diagnosed_sbccminor_f15_plus,269,12,25,586,TRUE,TRUE,TRUE,TRUE
diagnosed_sbccminor_total,804,37,70,1774,TRUE,TRUE,TRUE,TRUE
diagnosed_sbccmajor_m0_14,8,2,1,18,TRUE,TRUE,TRUE,TRUE
diagnosed_sbccmajor_f0_14,15,1,0,16,TRUE,TRUE,FALSE,TRUE
diagnosed_sbccmajor_m15_plus,267,13,9,237,TRUE,TRUE,TRUE,TRUE
diagnosed_sbccmajor_f15_plus,236,5,6,179,TRUE,TRUE,TRUE,TRUE
diagnosed_sbccmajor_total,526,21,16,450,TRUE,TRUE,TRUE,TRUE
diagnosed_sbcc_total,1330,58,86,2224,TRUE,TRUE,TRUE,TRUE
diagnosed_ppmv_m0_14,149,0,0,0,TRUE,FALSE,FALSE,FALSE
diagnosed_ppmv_f0_14,100,0,0,0,TRUE,FALSE,FALSE,FALSE
diagnosed_ppmv_m15_plus,2158,0,0,0,TRUE,FALSE,FALSE,FALSE
diagnosed_ppmv_f15_plus,1169,0,0,0,TRUE,FALSE,FALSE,FALSE
diagnosed_ppmv_total,3576,0,0,0,TRUE,FALSE,FALSE,FALSE
diagnosed_cb_m0_14,6,0,0,0,TRUE,FALSE,FALSE,FALSE
diagnosed_cb_f0_14,5,0,0,0,TRUE,FALSE,FALSE,FALSE
diagnosed_cb_m15_plus,174,0,0,0,TRUE,FALSE,FALSE,FALSE
diagnosed_cb_f15_plus,63,0,0,0,TRUE,FALSE,FALSE,FALSE
diagnosed_cb_total,248,0,0,0,TRUE,FALSE,FALSE,FALSE
diagnosed_spokes_total,3824,0,0,0,TRUE,FALSE,FALSE,FALSE
diagbacter_ptb_new_m0_14,133,0,0,0,TRUE,FALSE,FALSE,FALSE
diagbacter_ptb_new_f0_14,125,0,0,0,TRUE,FALSE,FALSE,FALSE
diagbacter_ptb_new_m15_plus,4168,0,0,0,TRUE,FALSE,FALSE,FALSE
diagbacter_ptb_new_f15_plus,2336,0,0,0,TRUE,FALSE,FALSE,FALSE
diagbacter_ptb_new_total,6762,0,0,0,TRUE,FALSE,FALSE,FALSE
diagbacter_ptb_relapse_m0_14,1,0,0,0,TRUE,FALSE,FALSE,FALSE
diagbacter_ptb_relapse_f0_14,4,0,0,0,TRUE,FALSE,FALSE,FALSE
diagbacter_ptb_relapse_m15_plus,88,0,0,0,TRUE,FALSE,FALSE,FALSE
diagbacter_ptb_relapse_f15_plus,37,0,0,0,TRUE,FALSE,FALSE,FALSE
diagbacter_ptb_relapse_total,130,0,0,0,TRUE,FALSE,FALSE,FALSE
diagbacter_ptb_afterfail_m0_14,0,0,0,0,FALSE,FALSE,FALSE,FALSE
diagbacter_ptb_afterfail_f0_14,0,0,0,0,FALSE,FALSE,FALSE,FALSE
diagbacter_ptb_afterfail_m15_p,33,0,0,0,TRUE,FALSE,FALSE,FALSE
diagbacter_ptb_afterfail_f15_p,10,0,0,0,TRUE,FALSE,FALSE,FALSE
diagbacter_ptb_afterfail_total,43,0,0,0,TRUE,FALSE,FALSE,FALSE
diagbacter_ptb_afterltfu_m0_14,1,0,0,0,TRUE,FALSE,FALSE,FALSE
diagbacter_ptb_afterltfu_f0_14,2,0,0,0,TRUE,FALSE,FALSE,FALSE
diagbacter_ptb_afterltfu_m15_p,76,0,0,0,TRUE,FALSE,FALSE,FALSE
diagbacter_ptb_afterltfu_f15_p,18,0,0,0,TRUE,FALSE,FALSE,FALSE
diagbacter_ptb_afterltfu_total,97,0,0,0,TRUE,FALSE,FALSE,FALSE
diagbacter_ptb_total,7032,0,0,0,TRUE,FALSE,FALSE,FALSE
diagclinic_ptb_new_m0_14,74,0,0,0,TRUE,FALSE,FALSE,FALSE
diagclinic_ptb_new_f0_14,76,0,0,0,TRUE,FALSE,FALSE,FALSE
diagclinic_ptb_new_m15_plus,1167,0,0,0,TRUE,FALSE,FALSE,FALSE
diagclinic_ptb_new_f15_plus,646,0,0,0,TRUE,FALSE,FALSE,FALSE
diagclinic_ptb_new_total,1963,0,0,0,TRUE,FALSE,FALSE,FALSE
diagclinic_ptb_relapse_m0_14,5,0,0,0,TRUE,FALSE,FALSE,FALSE
diagclinic_ptb_relapse_f0_14,1,0,0,0,TRUE,FALSE,FALSE,FALSE
diagclinic_ptb_relapse_m15_plus,63,0,0,0,TRUE,FALSE,FALSE,FALSE
diagclinic_ptb_relapse_f15_plus,28,0,0,0,TRUE,FALSE,FALSE,FALSE
diagclinic_ptb_relapse_total,97,0,0,0,TRUE,FALSE,FALSE,FALSE
diagclinic_ptb_afterfail_m0_14,0,0,0,0,FALSE,FALSE,FALSE,FALSE
diagclinic_ptb_afterfail_f0_14,0,0,0,0,FALSE,FALSE,FALSE,FALSE
diagclinic_ptb_afterfail_m15_p,9,0,0,0,TRUE,FALSE,FALSE,FALSE
diagclinic_ptb_afterfail_f15_p,8,0,0,0,TRUE,FALSE,FALSE,FALSE
diagclinic_ptb_afterfail_total,17,0,0,0,TRUE,FALSE,FALSE,FALSE
diagclinic_ptb_afterltfu_m0_14,0,0,0,0,FALSE,FALSE,FALSE,FALSE
diagclinic_ptb_afterltfu_f0_14,0,0,0,0,FALSE,FALSE,FALSE,FALSE
diagclinic_ptb_afterltfu_m15_p,17,0,0,0,TRUE,FALSE,FALSE,FALSE
diagclinic_ptb_afterltfu_f15_p,3,0,0,0,TRUE,FALSE,FALSE,FALSE
diagclinic_ptb_afterltfu_total,20,0,0,0,TRUE,FALSE,FALSE,FALSE
diagclinic_ptb_total,2097,0,0,0,TRUE,FALSE,FALSE,FALSE
diagbacter_eptb_new_m0_14,3,0,0,0,TRUE,FALSE,FALSE,FALSE
diagbacter_eptb_new_f0_14,2,0,0,0,TRUE,FALSE,FALSE,FALSE
diagbacter_eptb_new_m15_plus,25,0,0,0,TRUE,FALSE,FALSE,FALSE
diagbacter_eptb_new_f15_plus,16,0,0,0,TRUE,FALSE,FALSE,FALSE
diagbacter_eptb_new_total,46,0,0,0,TRUE,FALSE,FALSE,FALSE
diagbacter_eptb_relapse_m0_14,0,0,0,0,FALSE,FALSE,FALSE,FALSE
diagbacter_eptb_relapse_f0_14,0,0,0,0,FALSE,FALSE,FALSE,FALSE
diagbacter_eptb_relapse_m15_p,2,0,0,0,TRUE,FALSE,FALSE,FALSE
diagbacter_eptb_relapse_f15_p,0,0,0,0,FALSE,FALSE,FALSE,FALSE
diagbacter_eptb_relapse_total,2,0,0,0,TRUE,FALSE,FALSE,FALSE
diagbacter_eptb_afterfail_m0_14,0,0,0,0,FALSE,FALSE,FALSE,FALSE
diagbacter_eptb_afterfail_f0_14,0,0,0,0,FALSE,FALSE,FALSE,FALSE
diagbacter_eptb_afterfail_m15_p,0,0,0,0,FALSE,FALSE,FALSE,FALSE
diagbacter_eptb_afterfail_f15_p,1,0,0,0,TRUE,FALSE,FALSE,FALSE
diagbacter_eptb_afterfail_total,1,0,0,0,TRUE,FALSE,FALSE,FALSE
diagbacter_eptb_afterltfu_m0_14,0,0,0,0,FALSE,FALSE,FALSE,FALSE
diagbacter_eptb_afterltfu_f0_14,0,0,0,0,FALSE,FALSE,FALSE,FALSE
diagbacter_eptb_afterltfu_m15_p,1,0,0,0,TRUE,FALSE,FALSE,FALSE
diagbacter_eptb_afterltfu_f15_p,1,0,0,0,TRUE,FALSE,FALSE,FALSE
diagbacter_eptb_afterltfu_total,2,0,0,0,TRUE,FALSE,FALSE,FALSE
diagbacter_eptb_total,51,0,0,0,TRUE,FALSE,FALSE,FALSE
diagclinic_eptb_new_m0_14,12,0,0,0,TRUE,FALSE,FALSE,FALSE
diagclinic_eptb_new_f0_14,4,0,0,0,TRUE,FALSE,FALSE,FALSE
diagclinic_eptb_new_m15_plus,133,0,0,0,TRUE,FALSE,FALSE,FALSE
diagclinic_eptb_new_f15_plus,91,0,0,0,TRUE,FALSE,FALSE,FALSE
diagclinic_eptb_new_total,240,0,0,0,TRUE,FALSE,FALSE,FALSE
diagclinic_eptb_relapse_m0_14,0,0,0,0,FALSE,FALSE,FALSE,FALSE
diagclinic_eptb_relapse_f0_14,0,0,0,0,FALSE,FALSE,FALSE,FALSE
diagclinic_eptb_relapse_m15_p,2,0,0,0,TRUE,FALSE,FALSE,FALSE
diagclinic_eptb_relapse_f15_p,2,0,0,0,TRUE,FALSE,FALSE,FALSE
diagclinic_eptb_relapse_total,4,0,0,0,TRUE,FALSE,FALSE,FALSE
diagclinic_eptb_afterfail_m0_14,0,0,0,0,FALSE,FALSE,FALSE,FALSE
diagclinic_eptb_afterfail_f0_14,0,0,0,0,FALSE,FALSE,FALSE,FALSE
diagclinic_eptb_afterfail_m15_p,0,0,0,0,FALSE,FALSE,FALSE,FALSE
diagclinic_eptb_afterfail_f15_p,1,0,0,0,TRUE,FALSE,FALSE,FALSE
diagclinic_eptb_afterfail_total,1,0,0,0,TRUE,FALSE,FALSE,FALSE
diagclinic_eptb_afterltfu_m0_14,0,0,0,0,FALSE,FALSE,FALSE,FALSE
diagclinic_eptb_afterltfu_f0_14,0,0,0,0,FALSE,FALSE,FALSE,FALSE
diagclinic_eptb_afterltfu_m15_p,3,0,0,0,TRUE,FALSE,FALSE,FALSE
diagclinic_eptb_afterltfu_f15_p,2,0,0,0,TRUE,FALSE,FALSE,FALSE
diagclinic_eptb_afterltfu_total,5,0,0,0,TRUE,FALSE,FALSE,FALSE
diagclinic_eptb_total,250,0,0,0,TRUE,FALSE,FALSE,FALSE
cases_starttrt_pvtfac,9404,0,0,0,TRUE,FALSE,FALSE,FALSE
cases_txsupporter_m0_14,145,0,0,0,TRUE,FALSE,FALSE,FALSE
cases_txsupporter_f0_14,146,0,0,0,TRUE,FALSE,FALSE,FALSE
cases_txsupporter_m15_plus,3789,0,0,0,TRUE,FALSE,FALSE,FALSE
cases_txsupporter_f15_plus,2178,0,0,0,TRUE,FALSE,FALSE,FALSE
cases_txsupporter_m,404,0,0,0,TRUE,FALSE,FALSE,FALSE
cases_txsupporter_f,227,0,0,0,TRUE,FALSE,FALSE,FALSE
cases_txsupporter_total,6258,0,0,0,TRUE,FALSE,FALSE,FALSE
cases_newrelapsed_m0_14,243,0,0,0,TRUE,FALSE,FALSE,FALSE
cases_newrelapsed_f0_14,215,0,0,0,TRUE,FALSE,FALSE,FALSE
cases_newrelapsed_m15_plus,5533,0,0,0,TRUE,FALSE,FALSE,FALSE
cases_newrelapsed_f15_plus,3185,0,0,0,TRUE,FALSE,FALSE,FALSE
cases_newrelapsed_total,9176,0,0,0,TRUE,FALSE,FALSE,FALSE
ontreat_pvtfac_m0_14,214,0,0,0,TRUE,FALSE,FALSE,FALSE
ontreat_pvtfac_f0_14,196,0,0,0,TRUE,FALSE,FALSE,FALSE
ontreat_pvtfac_m15_plus,5664,0,0,0,TRUE,FALSE,FALSE,FALSE
ontreat_pvtfac_f15_plus,3176,0,0,0,TRUE,FALSE,FALSE,FALSE
ontreat_pvtfac_total,9250,0,0,0,TRUE,FALSE,FALSE,FALSE
ref_pubhosp_m0_14,40,0,0,0,TRUE,FALSE,FALSE,FALSE
ref_pubhosp_f0_14,24,0,0,0,TRUE,FALSE,FALSE,FALSE
ref_pubhosp_m15_plus,618,0,0,0,TRUE,FALSE,FALSE,FALSE
ref_pubhosp_f15_plus,331,0,0,0,TRUE,FALSE,FALSE,FALSE
ref_pubhosp_total,1013,0,0,0,TRUE,FALSE,FALSE,FALSE
ref_trt_m0_14,0,0,13,0,FALSE,FALSE,TRUE,FALSE
ref_trt_f0_14,0,0,1,0,FALSE,FALSE,TRUE,FALSE
ref_trt_m15_plus,6,0,448,0,TRUE,FALSE,TRUE,FALSE
ref_trt_f15_plus,2,0,257,0,TRUE,FALSE,TRUE,FALSE
ref_trt_total,8,0,719,0,TRUE,FALSE,TRUE,FALSE
cases_starttrt_pvthosp_m0_14,0,1,8,64,FALSE,TRUE,TRUE,TRUE
cases_starttrt_pvthosp_f0_14,0,2,1,54,FALSE,TRUE,TRUE,TRUE
cases_starttrt_pvthosp_m15_plus,1,74,326,1240,TRUE,TRUE,TRUE,TRUE
cases_starttrt_pvthosp_f15_plus,1,33,184,626,TRUE,TRUE,TRUE,TRUE
cases_starttrt_pvthosp_total,2,110,519,1984,TRUE,TRUE,TRUE,TRUE
cases_starttrt_pubhosp_m0_14,0,1,0,24,FALSE,TRUE,FALSE,TRUE
cases_starttrt_pubhosp_f0_14,0,0,2,9,FALSE,FALSE,TRUE,TRUE
cases_starttrt_pubhosp_m15_plus,10,15,104,333,TRUE,TRUE,TRUE,TRUE
cases_starttrt_pubhosp_f15_plus,3,5,56,183,TRUE,TRUE,TRUE,TRUE
cases_starttrt_pubhosp_total,13,21,162,549,TRUE,TRUE,TRUE,TRUE
cases_hivpos_m0_14,0,0,7,0,FALSE,FALSE,TRUE,FALSE
cases_hivpos_f0_14,0,0,4,0,FALSE,FALSE,TRUE,FALSE
cases_hivpos_m15_plus,0,0,18,0,FALSE,FALSE,TRUE,FALSE
cases_hivpos_f15_plus,0,0,8,0,FALSE,FALSE,TRUE,FALSE
cases_hivpos_total,0,0,37,0,FALSE,FALSE,TRUE,FALSE
cases_hivneg_m0_14,0,0,14,0,FALSE,FALSE,TRUE,FALSE
cases_hivneg_f0_14,0,0,6,0,FALSE,FALSE,TRUE,FALSE
cases_hivneg_m15_plus,5,0,174,0,TRUE,FALSE,TRUE,FALSE
cases_hivneg_f15_plus,1,0,119,0,TRUE,FALSE,TRUE,FALSE
cases_hivneg_total,6,0,313,0,TRUE,FALSE,TRUE,FALSE
cases_hivdk_m0_14,0,0,22,0,FALSE,FALSE,TRUE,FALSE
cases_hivdk_f0_14,0,0,14,0,FALSE,FALSE,TRUE,FALSE
cases_hivdk_m15_plus,7,0,329,0,TRUE,FALSE,TRUE,FALSE
cases_hivdk_f15_plus,4,0,207,0,TRUE,FALSE,TRUE,FALSE
cases_hivdk_total,11,0,573,0,TRUE,FALSE,TRUE,FALSE
cases_hivstatus_total,17,0,923,0,TRUE,FALSE,TRUE,FALSE
outcome_cured_m0_14,44,0,0,0,TRUE,FALSE,FALSE,FALSE
outcome_cured_f0_14,35,0,0,0,TRUE,FALSE,FALSE,FALSE
outcome_cured_m15_plus,1385,0,0,0,TRUE,FALSE,FALSE,FALSE
outcome_cured_f15_plus,759,0,0,0,TRUE,FALSE,FALSE,FALSE
outcome_cured_total,2223,0,0,0,TRUE,FALSE,FALSE,FALSE
outcome_fail_m0_14,7,0,0,0,TRUE,FALSE,FALSE,FALSE
outcome_fail_f0_14,1,0,0,0,TRUE,FALSE,FALSE,FALSE
outcome_fail_m15_plus,41,0,0,0,TRUE,FALSE,FALSE,FALSE
outcome_fail_f15_plus,53,0,0,0,TRUE,FALSE,FALSE,FALSE
outcome_fail_total,102,0,0,0,TRUE,FALSE,FALSE,FALSE
outcome_ltfu_m0_14,62,0,0,0,TRUE,FALSE,FALSE,FALSE
outcome_ltfu_f0_14,17,0,0,0,TRUE,FALSE,FALSE,FALSE
outcome_ltfu_m15_plus,620,0,0,0,TRUE,FALSE,FALSE,FALSE
outcome_ltfu_f15_plus,285,0,0,0,TRUE,FALSE,FALSE,FALSE
outcome_ltfu_total,984,0,0,0,TRUE,FALSE,FALSE,FALSE
outcome_died_m0_14,14,0,0,0,TRUE,FALSE,FALSE,FALSE
outcome_died_f0_14,9,0,0,0,TRUE,FALSE,FALSE,FALSE
outcome_died_m15_plus,184,0,0,0,TRUE,FALSE,FALSE,FALSE
outcome_died_f15_plus,90,0,0,0,TRUE,FALSE,FALSE,FALSE
outcome_died_total,297,0,0,0,TRUE,FALSE,FALSE,FALSE
outcome_completed_m0_14,49,0,0,0,TRUE,FALSE,FALSE,FALSE
outcome_completed_f0_14,147,0,0,0,TRUE,FALSE,FALSE,FALSE
outcome_completed_m15_plus,930,0,0,0,TRUE,FALSE,FALSE,FALSE
outcome_completed_f15_plus,525,0,0,0,TRUE,FALSE,FALSE,FALSE
outcome_completed_total,1651,0,0,0,TRUE,FALSE,FALSE,FALSE
outcome_transferout_m0_14,25,0,0,0,TRUE,FALSE,FALSE,FALSE
outcome_transferout_f0_14,55,0,0,0,TRUE,FALSE,FALSE,FALSE
outcome_transferout_m15_plus,204,0,0,0,TRUE,FALSE,FALSE,FALSE
outcome_transferout_f15_plus,81,0,0,0,TRUE,FALSE,FALSE,FALSE
outcome_transferout_total,365,0,0,0,TRUE,FALSE,FALSE,FALSE
outcome_transferin_m0_14,44,0,0,0,TRUE,FALSE,FALSE,FALSE
outcome_transferin_f0_14,4,0,0,0,TRUE,FALSE,FALSE,FALSE
outcome_transferin_m15_plus,18,0,0,0,TRUE,FALSE,FALSE,FALSE
outcome_transferin_f15_plus,9,0,0,0,TRUE,FALSE,FALSE,FALSE
outcome_transferin_total,75,0,0,0,TRUE,FALSE,FALSE,FALSE
outcome_total,5697,0,0,0,TRUE,FALSE,FALSE,FALSE
notifbacter_ptb_m0_14,158,0,4,0,TRUE,FALSE,TRUE,FALSE
notifbacter_ptb_f0_14,180,0,3,0,TRUE,FALSE,TRUE,FALSE
notifbacter_ptb_m15_plus,4549,0,213,0,TRUE,FALSE,TRUE,FALSE
notifbacter_ptb_f15_plus,2596,0,129,0,TRUE,FALSE,TRUE,FALSE
notifbacter_ptb_m,67,0,0,0,TRUE,FALSE,FALSE,FALSE
notifbacter_ptb_f,49,0,0,0,TRUE,FALSE,FALSE,FALSE
notifbacter_ptb_total,7491,0,349,0,TRUE,FALSE,TRUE,FALSE
notifbacter_eptb_m0_14,2,0,0,0,TRUE,FALSE,FALSE,FALSE
notifbacter_eptb_f0_14,3,0,0,0,TRUE,FALSE,FALSE,FALSE
notifbacter_eptb_m15_plus,44,0,2,0,TRUE,FALSE,TRUE,FALSE
notifbacter_eptb_f15_plus,19,0,0,0,TRUE,FALSE,FALSE,FALSE
notifbacter_eptb_m,0,0,0,0,FALSE,FALSE,FALSE,FALSE
notifbacter_eptb_f,0,0,0,0,FALSE,FALSE,FALSE,FALSE
notifbacter_eptb_total,68,0,2,0,TRUE,FALSE,TRUE,FALSE
notifclinic_ptb_m0_14,84,0,2,0,TRUE,FALSE,TRUE,FALSE
notifclinic_ptb_f0_14,99,0,1,0,TRUE,FALSE,TRUE,FALSE
notifclinic_ptb_m15_plus,1228,0,18,0,TRUE,FALSE,TRUE,FALSE
notifclinic_ptb_f15_plus,722,0,20,0,TRUE,FALSE,TRUE,FALSE
notifclinic_ptb_m,11,0,0,0,TRUE,FALSE,FALSE,FALSE
notifclinic_ptb_f,9,0,0,0,TRUE,FALSE,FALSE,FALSE
notifclinic_ptb_total,2133,0,41,0,TRUE,FALSE,TRUE,FALSE
notifclinic_eptb_m0_14,20,0,0,0,TRUE,FALSE,FALSE,FALSE
notifclinic_eptb_f0_14,6,0,0,0,TRUE,FALSE,FALSE,FALSE
notifclinic_eptb_m15_plus,150,0,1,0,TRUE,FALSE,TRUE,FALSE
notifclinic_eptb_f15_plus,103,0,0,0,TRUE,FALSE,FALSE,FALSE
notifclinic_eptb_m,1,0,0,0,TRUE,FALSE,FALSE,FALSE
notifclinic_eptb_f,2,0,0,0,TRUE,FALSE,FALSE,FALSE
notifclinic_eptb_total,279,0,1,0,TRUE,FALSE,TRUE,FALSE
notif_total,9971,0,393,0,TRUE,FALSE,TRUE,FALSE
diagbacter_ptb_hivpos_m0_14,4,0,0,0,TRUE,FALSE,FALSE,FALSE
diagbacter_ptb_hivpos_f0_14,6,0,0,0,TRUE,FALSE,FALSE,FALSE
diagbacter_ptb_hivpos_m15_plus,127,0,0,0,TRUE,FALSE,FALSE,FALSE
diagbacter_ptb_hivpos_f15_plus,119,0,0,0,TRUE,FALSE,FALSE,FALSE
diagbacter_ptb_hivpos_total,256,0,0,0,TRUE,FALSE,FALSE,FALSE
diagbacter_ptb_hivneg_m0_14,68,0,0,0,TRUE,FALSE,FALSE,FALSE
diagbacter_ptb_hivneg_f0_14,74,0,0,0,TRUE,FALSE,FALSE,FALSE
diagbacter_ptb_hivneg_m15_plus,2876,0,0,0,TRUE,FALSE,FALSE,FALSE
diagbacter_ptb_hivneg_f15_plus,1497,0,0,0,TRUE,FALSE,FALSE,FALSE
diagbacter_ptb_hivneg_total,4515,0,0,0,TRUE,FALSE,FALSE,FALSE
diagbacter_ptb_hivdk_m0_14,96,0,0,0,TRUE,FALSE,FALSE,FALSE
diagbacter_ptb_hivdk_f0_14,94,0,0,0,TRUE,FALSE,FALSE,FALSE
diagbacter_ptb_hivdk_m15_plus,1633,0,0,0,TRUE,FALSE,FALSE,FALSE
diagbacter_ptb_hivdk_f15_plus,1011,0,0,0,TRUE,FALSE,FALSE,FALSE
diagbacter_ptb_hivdk_total,2834,0,0,0,TRUE,FALSE,FALSE,FALSE
diagbacter_eptb_hivpos_m0_14,0,0,0,0,FALSE,FALSE,FALSE,FALSE
diagbacter_eptb_hivpos_f0_14,1,0,0,0,TRUE,FALSE,FALSE,FALSE
diagbacter_eptb_hivpos_m15_plus,11,0,0,0,TRUE,FALSE,FALSE,FALSE
diagbacter_eptb_hivpos_f15_plus,3,0,0,0,TRUE,FALSE,FALSE,FALSE
diagbacter_eptb_hivpos_total,15,0,0,0,TRUE,FALSE,FALSE,FALSE
diagbacter_eptb_hivneg_m0_14,0,0,0,0,FALSE,FALSE,FALSE,FALSE
diagbacter_eptb_hivneg_f0_14,1,0,0,0,TRUE,FALSE,FALSE,FALSE
diagbacter_eptb_hivneg_m15_plus,40,0,0,0,TRUE,FALSE,FALSE,FALSE
diagbacter_eptb_hivneg_f15_plus,12,0,0,0,TRUE,FALSE,FALSE,FALSE
diagbacter_eptb_hivneg_total,53,0,0,0,TRUE,FALSE,FALSE,FALSE
diagbacter_eptb_hivdk_m0_14,1,0,0,0,TRUE,FALSE,FALSE,FALSE
diagbacter_eptb_hivdk_f0_14,1,0,0,0,TRUE,FALSE,FALSE,FALSE
diagbacter_eptb_hivdk_m15_plus,11,0,0,0,TRUE,FALSE,FALSE,FALSE
diagbacter_eptb_hivdk_f15_plus,11,0,0,0,TRUE,FALSE,FALSE,FALSE
diagbacter_eptb_hivdk_total,24,0,0,0,TRUE,FALSE,FALSE,FALSE
diagclinic_ptb_hivpos_m0_14,3,0,0,0,TRUE,FALSE,FALSE,FALSE
diagclinic_ptb_hivpos_f0_14,8,0,0,0,TRUE,FALSE,FALSE,FALSE
diagclinic_ptb_hivpos_m15_plus,71,0,0,0,TRUE,FALSE,FALSE,FALSE
diagclinic_ptb_hivpos_f15_plus,65,0,0,0,TRUE,FALSE,FALSE,FALSE
diagclinic_ptb_hivpos_total,147,0,0,0,TRUE,FALSE,FALSE,FALSE
diagclinic_ptb_hivneg_m0_14,39,0,0,0,TRUE,FALSE,FALSE,FALSE
diagclinic_ptb_hivneg_f0_14,51,0,0,0,TRUE,FALSE,FALSE,FALSE
diagclinic_ptb_hivneg_m15_plus,761,0,0,0,TRUE,FALSE,FALSE,FALSE
diagclinic_ptb_hivneg_f15_plus,401,0,0,0,TRUE,FALSE,FALSE,FALSE
diagclinic_ptb_hivneg_total,1252,0,0,0,TRUE,FALSE,FALSE,FALSE
diagclinic_ptb_hivdk_m0_14,33,0,0,0,TRUE,FALSE,FALSE,FALSE
diagclinic_ptb_hivdk_f0_14,24,0,0,0,TRUE,FALSE,FALSE,FALSE
diagclinic_ptb_hivdk_m15_plus,399,0,0,0,TRUE,FALSE,FALSE,FALSE
diagclinic_ptb_hivdk_f15_plus,227,0,0,0,TRUE,FALSE,FALSE,FALSE
diagclinic_ptb_hivdk_total,683,0,0,0,TRUE,FALSE,FALSE,FALSE
diagclinic_eptb_hivpos_m0_14,1,0,0,0,TRUE,FALSE,FALSE,FALSE
diagclinic_eptb_hivpos_f0_14,2,0,0,0,TRUE,FALSE,FALSE,FALSE
diagclinic_eptb_hivpos_m15_plus,7,0,0,0,TRUE,FALSE,FALSE,FALSE
diagclinic_eptb_hivpos_f15_plus,5,0,0,0,TRUE,FALSE,FALSE,FALSE
diagclinic_eptb_hivpos_total,15,0,0,0,TRUE,FALSE,FALSE,FALSE
diagclinic_eptb_hivneg_m0_14,9,0,0,0,TRUE,FALSE,FALSE,FALSE
diagclinic_eptb_hivneg_f0_14,3,0,0,0,TRUE,FALSE,FALSE,FALSE
diagclinic_eptb_hivneg_m15_plus,86,0,0,0,TRUE,FALSE,FALSE,FALSE
diagclinic_eptb_hivneg_f15_plus,63,0,0,0,TRUE,FALSE,FALSE,FALSE
diagclinic_eptb_hivneg_total,161,0,0,0,TRUE,FALSE,FALSE,FALSE
diagclinic_eptb_hivdk_m0_14,5,0,0,0,TRUE,FALSE,FALSE,FALSE
diagclinic_eptb_hivdk_f0_14,3,0,0,0,TRUE,FALSE,FALSE,FALSE
diagclinic_eptb_hivdk_m15_plus,57,0,0,0,TRUE,FALSE,FALSE,FALSE
diagclinic_eptb_hivdk_f15_plus,40,0,0,0,TRUE,FALSE,FALSE,FALSE
diagclinic_eptb_hivdk_total,105,0,0,0,TRUE,FALSE,FALSE,FALSE
notif_hiv_total,10060,0,0,0,TRUE,FALSE,FALSE,FALSE
contactscreen_index_m0_14,238,0,0,0,TRUE,FALSE,FALSE,FALSE
contactscreen_index_f0_14,225,0,0,0,TRUE,FALSE,FALSE,FALSE
contactscreen_index_m15_plus,3859,0,0,0,TRUE,FALSE,FALSE,FALSE
contactscreen_index_f15_plus,2378,0,0,0,TRUE,FALSE,FALSE,FALSE
contactscreen_index_total,6700,0,0,0,TRUE,FALSE,FALSE,FALSE
contactscreen_household_m0_14,4052,0,0,0,TRUE,FALSE,FALSE,FALSE
contactscreen_household_f0_14,4032,0,0,0,TRUE,FALSE,FALSE,FALSE
contactscrn_household_m15_plus,10682,0,0,0,TRUE,FALSE,FALSE,FALSE
contactscrn_household_f15_plus,11145,0,0,0,TRUE,FALSE,FALSE,FALSE
contactscreen_household_total,29911,0,0,0,TRUE,FALSE,FALSE,FALSE
contactscreen_presumptive_m0_14,1354,0,0,0,TRUE,FALSE,FALSE,FALSE
contactscreen_presumptive_f0_14,1229,0,0,0,TRUE,FALSE,FALSE,FALSE
contactscrn_presumptive_m15_pl,3906,0,0,0,TRUE,FALSE,FALSE,FALSE
contactscrn_presumptive_f15_pl,4184,0,0,0,TRUE,FALSE,FALSE,FALSE
contactscreen_presumptive_total,10673,0,0,0,TRUE,FALSE,FALSE,FALSE
contactscreen_tested_m0_14,1191,0,0,0,TRUE,FALSE,FALSE,FALSE
contactscreen_tested_f0_14,1073,0,0,0,TRUE,FALSE,FALSE,FALSE
contactscreen_tested_m15_plus,3316,0,0,0,TRUE,FALSE,FALSE,FALSE
contactscreen_tested_f15_plus,3659,0,0,0,TRUE,FALSE,FALSE,FALSE
contactscreen_tested_total,9239,0,0,0,TRUE,FALSE,FALSE,FALSE
contactscrn_diagnosed_ds_m0_14,37,0,0,0,TRUE,FALSE,FALSE,FALSE
contactscrn_diagnosed_ds_f0_14,34,0,0,0,TRUE,FALSE,FALSE,FALSE
contactscrn_diagnosed_ds_m15_p,153,0,0,0,TRUE,FALSE,FALSE,FALSE
contactscrn_diagnosed_ds_f15_p,129,0,0,0,TRUE,FALSE,FALSE,FALSE
contactscrn_diagnosed_ds_total,353,0,0,0,TRUE,FALSE,FALSE,FALSE
contactscrn_diagnosed_dr_m0_14,1,0,0,0,TRUE,FALSE,FALSE,FALSE
contactscrn_diagnosed_dr_f0_14,3,0,0,0,TRUE,FALSE,FALSE,FALSE
contactscrn_diagnosed_dr_m15_p,4,0,0,0,TRUE,FALSE,FALSE,FALSE
contactscrn_diagnosed_dr_f15_p,3,0,0,0,TRUE,FALSE,FALSE,FALSE
contactscrn_diagnosed_dr_total,11,0,0,0,TRUE,FALSE,FALSE,FALSE
contactscreen_diagnosed_total,364,0,0,0,TRUE,FALSE,FALSE,FALSE
contactscreen_ontreat_ds_m0_14,12,0,0,0,TRUE,FALSE,FALSE,FALSE
contactscreen_ontreat_ds_f0_14,17,0,0,0,TRUE,FALSE,FALSE,FALSE
contactscrn_ontreat_ds_m15_plu,117,0,0,0,TRUE,FALSE,FALSE,FALSE
contactscrn_ontreat_ds_f15_plu,81,0,0,0,TRUE,FALSE,FALSE,FALSE
contactscreen_ontreat_ds_total,227,0,0,0,TRUE,FALSE,FALSE,FALSE
contactscreen_ontreat_dr_m0_14,0,0,0,0,FALSE,FALSE,FALSE,FALSE
contactscreen_ontreat_dr_f0_14,1,0,0,0,TRUE,FALSE,FALSE,FALSE
contactscrn_ontreat_dr_m15_plu,0,0,0,0,FALSE,FALSE,FALSE,FALSE
contactscrn_ontreat_dr_f15_plu,1,0,0,0,TRUE,FALSE,FALSE,FALSE
contactscreen_ontreat_dr_total,2,0,0,0,TRUE,FALSE,FALSE,FALSE
contactscreen_starttrt_total,229,0,0,0,TRUE,FALSE,FALSE,FALSE
contactscreen_eligibletpt_m0_14,377,0,0,0,TRUE,FALSE,FALSE,FALSE
contactscreen_eligibletpt_f0_14,362,0,0,0,TRUE,FALSE,FALSE,FALSE
contactscrn_eligibletpt_m15_pl,144,0,0,0,TRUE,FALSE,FALSE,FALSE
contactscrn_eligibletpt_f15_pl,151,0,0,0,TRUE,FALSE,FALSE,FALSE
contactscreen_eligibletpt_total,1034,0,0,0,TRUE,FALSE,FALSE,FALSE
contactscreen_starttpt_m0_14,175,0,0,0,TRUE,FALSE,FALSE,FALSE
contactscreen_starttpt_f0_14,184,0,0,0,TRUE,FALSE,FALSE,FALSE
contactscreen_starttpt_m15_plus,31,0,0,0,TRUE,FALSE,FALSE,FALSE
contactscreen_starttpt_f15_plus,50,0,0,0,TRUE,FALSE,FALSE,FALSE
contactscreen_starttpt_total,440,0,0,0,TRUE,FALSE,FALSE,FALSE
contactscrn_eligibletpt_m6_und,214,0,0,0,TRUE,FALSE,FALSE,FALSE
contactscrn_eligibletpt_f6_und,213,0,0,0,TRUE,FALSE,FALSE,FALSE
contactscrn_eligibletpt_6_unde,396,0,0,0,TRUE,FALSE,FALSE,FALSE
contactscreen_starttpt_m6_under,159,0,0,0,TRUE,FALSE,FALSE,FALSE
contactscreen_starttpt_f6_under,155,0,0,0,TRUE,FALSE,FALSE,FALSE
contactscreen_starttpt_6_under,263,0,0,0,TRUE,FALSE,FALSE,FALSE
ontreat_ds_m0_14,932,0,0,0,TRUE,FALSE,FALSE,FALSE
ontreat_ds_f0_14,948,0,0,0,TRUE,FALSE,FALSE,FALSE
ontreat_ds_m15_plus,24432,0,0,0,TRUE,FALSE,FALSE,FALSE
ontreat_ds_f15_plus,13579,0,0,0,TRUE,FALSE,FALSE,FALSE
ontreat_ds_total,39891,0,0,0,TRUE,FALSE,FALSE,FALSE
